{
	"manifest": {
		"version": 0.1,
		"description": "Generated testcase definition in JSON Format using SMT formulas, types, ...",
		"service": "Testcase Specification (ready for the Z3 SMT solver)",
		"generatedDate": "Thu Oct 30 22:31:56 2025"
	},

	"SUT": {
		"output_ports": [
			{
				"name": "Out",
				"parameters": [
					{
						"name": "$0",
						"type": "Real"
					}
				]
			},
			{
				"name": "Done"
			}
		],
		"input_ports": [
			{
				"name": "In",
				"parameters": [
					{
						"name": "$0",
						"type": "Real"
					}
				]
			}
		],
		"uncontrollable_input_ports": [
		]
	},

	"TESTCASE": {
		"variables": [
			{
				"name": "TM",
				"type": "Real"
			},
			{
				"name": "cl",
				"type": "Real"
			},
			{
				"name": "$1",
				"type": "Real"
			},
			{
				"name": "x1",
				"type": "Real"
			},
			{
				"name": "#2",
				"type": "Real"
			},
			{
				"name": "#1",
				"type": "Real"
			},
			{
				"name": "$delta#initial",
				"type": "Real"
			},
			{
				"name": "$2",
				"type": "Real"
			}
		],

		"states": [
			{
				"name": "ec_1",
				"sut_state": "ec_1",
				"time_var": "cl",
				"transitions": [
					{
						"name": "tr_ec2_In",

						"timed_guard": "(declare-const cl Real)(assert (<= 0 cl))(declare-const TM Real)(assert (< 0 TM))(assert  (< cl TM))",

						"guard": "(declare-const #2 Real)(assert (<= 0 #2))(declare-const x1 Real)(assert (<= 0 x1))(declare-const $1 Real)(assert (<= 0 $1))(assert  (and (exists ( (#2 Real) ($1 Real) ) (and (<= 0 #2) (<= 0 $1)  (and (= (+ #2 x1) 42) (= $1 0) ) ) ) (<= 0 (+ x1 -1)) (<= x1 5) (<= x1 10) ))",

						"action": {
							"nature": "STIMULATION",
							"port": "In",
							"parameters": [
								"x1"
							]
						},
						"next": "ec_2"
					},
					{
						"name": "tr_FAILout_Out",

						"timed_guard": "(declare-const cl Real)(assert (<= 0 cl))(declare-const TM Real)(assert (< 0 TM))(assert  (< cl TM))",

						"guard": "(assert  true)",

						"action": {
							"nature": "OBSERVATION",
							"port": "Out",
							"parameters": [
								"$2"
							]
						},
						"verdict": "FAIL_OUTPUT"
					},
					{
						"name": "tr_FAILout_Done",

						"timed_guard": "(declare-const cl Real)(assert (<= 0 cl))(declare-const TM Real)(assert (< 0 TM))(assert  (< cl TM))",

						"guard": "(assert  true)",

						"action": {
							"nature": "OBSERVATION",
							"port": "Done"
						},
						"verdict": "FAIL_OUTPUT"
					},
					{
						"name": "tr_INCdur_Quiescence",

						"timed_guard": "(declare-const cl Real)(assert (<= 0 cl))(declare-const TM Real)(assert (< 0 TM))(assert  (>= cl TM))",

						"guard": "(assert  true)",

						"action": {
							"nature": "QUIESCENCE",
							"port": "Quiescence"
						},
						"verdict": "INCONCLUSIVE_DURATION"
					}
				]
			},
			{
				"name": "ec_2",
				"sut_state": "ec_2",
				"time_var": "#2",
				"transitions": [
					{
						"name": "tr_PASS_Out",

						"timed_guard": "(declare-const #2 Real)(assert (<= 0 #2))(declare-const cl Real)(assert (<= 0 cl))(declare-const TM Real)(assert (< 0 TM))(assert  (and (= #2 cl) (< cl TM) ))",

						"guard": "(declare-const #2 Real)(assert (<= 0 #2))(declare-const x1 Real)(assert (<= 0 x1))(declare-const $1 Real)(assert (<= 0 $1))(assert  (and (= (+ #2 x1) 42) (= $1 0) ))",

						"action": {
							"nature": "OBSERVATION",
							"port": "Out",
							"parameters": [
								"$1"
							]
						},
						"verdict": "PASS"
					},
					{
						"name": "tr_FAILout_Out",

						"timed_guard": "(declare-const #2 Real)(assert (<= 0 #2))(declare-const cl Real)(assert (<= 0 cl))(declare-const TM Real)(assert (< 0 TM))(assert  (and (= #2 cl) (< cl TM) ))",

						"guard": "(declare-const #2 Real)(assert (<= 0 #2))(declare-const x1 Real)(assert (<= 0 x1))(declare-const $1 Real)(assert (<= 0 $1))(assert  (or (not (= (+ #2 x1) 42)) (not (= $1 0)) ))",

						"action": {
							"nature": "OBSERVATION",
							"port": "Out",
							"parameters": [
								"$1"
							]
						},
						"verdict": "FAIL_OUTPUT"
					},
					{
						"name": "tr_FAILout_Done",

						"timed_guard": "(declare-const cl Real)(assert (<= 0 cl))(declare-const TM Real)(assert (< 0 TM))(assert  (< cl TM))",

						"guard": "(assert  true)",

						"action": {
							"nature": "OBSERVATION",
							"port": "Done"
						},
						"verdict": "FAIL_OUTPUT"
					},
					{
						"name": "tr_INCdur_Quiescence",

						"timed_guard": "(declare-const #2 Real)(assert (<= 0 #2))(declare-const cl Real)(assert (<= 0 cl))(declare-const TM Real)(assert (< 0 TM))(assert  (and (= #2 cl) (>= cl TM) ))",

						"guard": "(declare-const x1 Real)(assert (<= 0 x1))(declare-const #2 Real)(assert (<= 0 #2))(assert  (exists ( (# Real) ($1 Real) ) (and (<= 0 #) (<= 0 $1)  (and (= (+ # x1) 42) (= $1 0) (< #2 #) ) ) ))",

						"action": {
							"nature": "QUIESCENCE",
							"port": "Quiescence"
						},
						"verdict": "INCONCLUSIVE_DURATION"
					},
					{
						"name": "tr_FAILdur_Quiescence",

						"timed_guard": "(declare-const #2 Real)(assert (<= 0 #2))(declare-const cl Real)(assert (<= 0 cl))(declare-const TM Real)(assert (< 0 TM))(assert  (and (= #2 cl) (>= cl TM) ))",

						"guard": "(declare-const x1 Real)(assert (<= 0 x1))(declare-const #2 Real)(assert (<= 0 #2))(assert  (forall ( (# Real) ($1 Real) ) (=> (<= 0 #) (<= 0 $1)  (or (not (= (+ # x1) 42)) (not (= $1 0)) (>= #2 #) ) ) ))",

						"action": {
							"nature": "QUIESCENCE",
							"port": "Quiescence"
						},
						"verdict": "FAIL_DURATION"
					}
				]
			}
		]

	}
}
