{
	"manifest": {
		"version": 0.1,
		"description": "Generated testcase definition in JSON Format",
		"service": "Testcase Specification",
		"generatedDate": "Thu Oct 30 22:32:00 2025"
	},

	"SUT": {
		"output_ports": [
			{
				"name": "DispenseCash",
				"parameters": [
					{
						"name": "$0",
						"type": "integer"
					}
				]
			},
			{
				"name": "InsufficientFunds",
				"parameters": [
					{
						"name": "$0",
						"type": "integer"
					}
				]
			},
			{
				"name": "PrintBalance",
				"parameters": [
					{
						"name": "$0",
						"type": "integer"
					}
				]
			}
		],
		"input_ports": [
			{
				"name": "Withdrawl",
				"parameters": [
					{
						"name": "$0",
						"type": "integer"
					}
				]
			}
		],
		"uncontrollable_input_ports": [
		]
	},

	"TESTCASE": {
		"variables": [
			{
				"name": "TM",
				"type": "pos_rational"
			},
			{
				"name": "cl",
				"type": "clock< urational >"
			},
			{
				"name": "$1",
				"type": "integer"
			},
			{
				"name": "amount1",
				"type": "integer"
			},
			{
				"name": "#2",
				"type": "time< urational >"
			},
			{
				"name": "#1",
				"type": "time< urational >"
			},
			{
				"name": "$delta#initial",
				"type": "time< urational >"
			},
			{
				"name": "$3",
				"type": "integer"
			},
			{
				"name": "$4",
				"type": "integer"
			},
			{
				"name": "$5",
				"type": "integer"
			},
			{
				"name": "$6",
				"type": "integer"
			}
		],

		"states": [
			{
				"name": "ec_1",
				"sut_state": "ec_1",
				"time_var": "cl",
				"transitions": [
					{
						"name": "tr_ec2_Withdrawl",

						"timed_guard": "(cl < TM)",

						"guard": "(exists< #2 : urational , $1 : integer >(($1 == amount1) && (#2 <= 10)) && (amount1 <= 100) && (amount1 > 0))",

						"action": {
							"nature": "STIMULATION",
							"port": "Withdrawl",
							"parameters": [
								"amount1"
							]
						},
						"next": "ec_2"
					},
					{
						"name": "tr_FAILout_DispenseCash",

						"timed_guard": "(cl < TM)",

						"guard": "true",

						"action": {
							"nature": "OBSERVATION",
							"port": "DispenseCash",
							"parameters": [
								"$3"
							]
						},
						"verdict": "FAIL_OUTPUT"
					},
					{
						"name": "tr_FAILout_InsufficientFunds",

						"timed_guard": "(cl < TM)",

						"guard": "true",

						"action": {
							"nature": "OBSERVATION",
							"port": "InsufficientFunds",
							"parameters": [
								"$4"
							]
						},
						"verdict": "FAIL_OUTPUT"
					},
					{
						"name": "tr_FAILout_PrintBalance",

						"timed_guard": "(cl < TM)",

						"guard": "true",

						"action": {
							"nature": "OBSERVATION",
							"port": "PrintBalance",
							"parameters": [
								"$5"
							]
						},
						"verdict": "FAIL_OUTPUT"
					},
					{
						"name": "tr_INCdur_Quiescence",

						"timed_guard": "(cl >= TM)",

						"guard": "true",

						"action": {
							"nature": "QUIESCENCE",
							"port": "Quiescence"
						},
						"verdict": "INCONCLUSIVE_DURATION"
					}
				]
			},
			{
				"name": "ec_2",
				"sut_state": "ec_2",
				"time_var": "#2",
				"transitions": [
					{
						"name": "tr_PASS_DispenseCash",

						"timed_guard": "((#2 == cl) && (cl < TM))",

						"guard": "(($1 == amount1) && (#2 <= 10))",

						"action": {
							"nature": "OBSERVATION",
							"port": "DispenseCash",
							"parameters": [
								"$1"
							]
						},
						"verdict": "PASS"
					},
					{
						"name": "tr_FAILout_DispenseCash",

						"timed_guard": "((#2 == cl) && (cl < TM))",

						"guard": "(($1 != amount1) || (#2 > 10))",

						"action": {
							"nature": "OBSERVATION",
							"port": "DispenseCash",
							"parameters": [
								"$1"
							]
						},
						"verdict": "FAIL_OUTPUT"
					},
					{
						"name": "tr_FAILout_InsufficientFunds",

						"timed_guard": "(cl < TM)",

						"guard": "true",

						"action": {
							"nature": "OBSERVATION",
							"port": "InsufficientFunds"
						},
						"verdict": "FAIL_OUTPUT"
					},
					{
						"name": "tr_FAILout_PrintBalance",

						"timed_guard": "(cl < TM)",

						"guard": "true",

						"action": {
							"nature": "OBSERVATION",
							"port": "PrintBalance",
							"parameters": [
								"$6"
							]
						},
						"verdict": "FAIL_OUTPUT"
					},
					{
						"name": "tr_INCdur_Quiescence",

						"timed_guard": "((#2 == cl) && (cl >= TM))",

						"guard": "exists< # : urational , $1 : integer >(($1 == amount1) && (#2 < #) && (# <= 10))",

						"action": {
							"nature": "QUIESCENCE",
							"port": "Quiescence"
						},
						"verdict": "INCONCLUSIVE_DURATION"
					},
					{
						"name": "tr_FAILdur_Quiescence",

						"timed_guard": "((#2 == cl) && (cl >= TM))",

						"guard": "forall< # : urational , $1 : integer >(($1 != amount1) || (#2 >= #) || (# > 10))",

						"action": {
							"nature": "QUIESCENCE",
							"port": "Quiescence"
						},
						"verdict": "FAIL_DURATION"
					}
				]
			}
		]

	}
}
