{
	"manifest": {
		"version": 0.1,
		"description": "Generated testcase definition in JSON Format",
		"service": "Testcase Specification",
		"generatedDate": "Tue Nov 18 00:11:15 2025"
	},

	"SUT": {
		"output_ports": [
			{
				"name": "Abort"
			},
			{
				"name": "StartCycle",
				"parameters": [
					{
						"name": "totaTime",
						"type": "urational"
					}
				]
			},
			{
				"name": "EndCycle"
			}
		],
		"input_ports": [
			{
				"name": "WashProg",
				"parameters": [
					{
						"name": "progDuration",
						"type": "urational"
					}
				]
			}
		],
		"uncontrollable_input_ports": [
		]
	},

	"TESTCASE": {
		"variables": [
			{
				"name": "TM",
				"type": "pos_rational"
			},
			{
				"name": "cl",
				"type": "clock< urational >"
			},
			{
				"name": "$1",
				"type": "urational"
			},
			{
				"name": "pdur1",
				"type": "urational"
			},
			{
				"name": "#3",
				"type": "time< urational >"
			},
			{
				"name": "#2",
				"type": "time< urational >"
			},
			{
				"name": "#1",
				"type": "time< urational >"
			},
			{
				"name": "$delta#initial",
				"type": "time< urational >"
			},
			{
				"name": "$2",
				"type": "urational"
			},
			{
				"name": "$3",
				"type": "urational"
			}
		],

		"states": [
			{
				"name": "ec_1",
				"sut_state": "ec_1",
				"time_var": "cl",
				"transitions": [
					{
						"name": "tr_ec2_WashProg",

						"timed_guard": "(cl < TM)",

						"guard": "(exists< #3 : urational , #2 : urational , $1 : urational >((#3 == (pdur1 + 12)) && ($1 == (pdur1 + 12)) && (#2 <= 1)) && (0 <= (pdur1 + -30)) && (pdur1 <= 120))",

						"action": {
							"nature": "STIMULATION",
							"port": "WashProg",
							"parameters": [
								"pdur1"
							]
						},
						"next": "ec_2"
					},
					{
						"name": "tr_FAILout_Abort",

						"timed_guard": "(cl < TM)",

						"guard": "true",

						"action": {
							"nature": "OBSERVATION",
							"port": "Abort"
						},
						"verdict": "FAIL_OUTPUT"
					},
					{
						"name": "tr_FAILout_StartCycle",

						"timed_guard": "(cl < TM)",

						"guard": "true",

						"action": {
							"nature": "OBSERVATION",
							"port": "StartCycle",
							"parameters": [
								"$2"
							]
						},
						"verdict": "FAIL_OUTPUT"
					},
					{
						"name": "tr_FAILout_EndCycle",

						"timed_guard": "(cl < TM)",

						"guard": "true",

						"action": {
							"nature": "OBSERVATION",
							"port": "EndCycle"
						},
						"verdict": "FAIL_OUTPUT"
					},
					{
						"name": "tr_INCdur_Quiescence",

						"timed_guard": "(cl >= TM)",

						"guard": "true",

						"action": {
							"nature": "QUIESCENCE",
							"port": "Quiescence"
						},
						"verdict": "INCONCLUSIVE_DURATION"
					}
				]
			},
			{
				"name": "ec_2",
				"sut_state": "ec_2",
				"time_var": "#2",
				"transitions": [
					{
						"name": "tr_ec3_StartCycle",

						"timed_guard": "((#2 == cl) && (cl < TM))",

						"guard": "(($1 == (pdur1 + 12)) && (#2 <= 1))",

						"action": {
							"nature": "OBSERVATION",
							"port": "StartCycle",
							"parameters": [
								"$1"
							]
						},
						"next": "ec_3"
					},
					{
						"name": "tr_FAILout_StartCycle",

						"timed_guard": "((#2 == cl) && (cl < TM))",

						"guard": "(($1 != (pdur1 + 12)) || (#2 > 1))",

						"action": {
							"nature": "OBSERVATION",
							"port": "StartCycle",
							"parameters": [
								"$1"
							]
						},
						"verdict": "FAIL_OUTPUT"
					},
					{
						"name": "tr_FAILout_Abort",

						"timed_guard": "(cl < TM)",

						"guard": "true",

						"action": {
							"nature": "OBSERVATION",
							"port": "Abort"
						},
						"verdict": "FAIL_OUTPUT"
					},
					{
						"name": "tr_FAILout_EndCycle",

						"timed_guard": "(cl < TM)",

						"guard": "true",

						"action": {
							"nature": "OBSERVATION",
							"port": "EndCycle"
						},
						"verdict": "FAIL_OUTPUT"
					},
					{
						"name": "tr_INCdur_Quiescence",

						"timed_guard": "((#2 == cl) && (cl >= TM))",

						"guard": "exists< # : urational , $1 : urational >(($1 == (pdur1 + 12)) && (#2 < #) && (# <= 1))",

						"action": {
							"nature": "QUIESCENCE",
							"port": "Quiescence"
						},
						"verdict": "INCONCLUSIVE_DURATION"
					},
					{
						"name": "tr_FAILdur_Quiescence",

						"timed_guard": "((#2 == cl) && (cl >= TM))",

						"guard": "forall< # : urational , $1 : urational >(($1 != (pdur1 + 12)) || (#2 >= #) || (# > 1))",

						"action": {
							"nature": "QUIESCENCE",
							"port": "Quiescence"
						},
						"verdict": "FAIL_DURATION"
					}
				]
			},
			{
				"name": "ec_3",
				"sut_state": "ec_3",
				"time_var": "#3",
				"transitions": [
					{
						"name": "tr_PASS_EndCycle",

						"timed_guard": "((#3 == cl) && (cl < TM))",

						"guard": "(#3 == (pdur1 + 12))",

						"action": {
							"nature": "OBSERVATION",
							"port": "EndCycle"
						},
						"verdict": "PASS"
					},
					{
						"name": "tr_FAILout_EndCycle",

						"timed_guard": "((#3 == cl) && (cl < TM))",

						"guard": "(#3 != (pdur1 + 12))",

						"action": {
							"nature": "OBSERVATION",
							"port": "EndCycle"
						},
						"verdict": "FAIL_OUTPUT"
					},
					{
						"name": "tr_FAILout_Abort",

						"timed_guard": "(cl < TM)",

						"guard": "true",

						"action": {
							"nature": "OBSERVATION",
							"port": "Abort"
						},
						"verdict": "FAIL_OUTPUT"
					},
					{
						"name": "tr_FAILout_StartCycle",

						"timed_guard": "(cl < TM)",

						"guard": "true",

						"action": {
							"nature": "OBSERVATION",
							"port": "StartCycle",
							"parameters": [
								"$3"
							]
						},
						"verdict": "FAIL_OUTPUT"
					},
					{
						"name": "tr_INCdur_Quiescence",

						"timed_guard": "((#3 == cl) && (cl >= TM))",

						"guard": "exists< # : urational >((# == (pdur1 + 12)) && (#3 < #))",

						"action": {
							"nature": "QUIESCENCE",
							"port": "Quiescence"
						},
						"verdict": "INCONCLUSIVE_DURATION"
					},
					{
						"name": "tr_FAILdur_Quiescence",

						"timed_guard": "((#3 == cl) && (cl >= TM))",

						"guard": "forall< # : urational >((# != (pdur1 + 12)) || (#3 >= #))",

						"action": {
							"nature": "QUIESCENCE",
							"port": "Quiescence"
						},
						"verdict": "FAIL_DURATION"
					}
				]
			}
		]

	}
}
