{
	"manifest": {
		"version": 0.1,
		"description": "Generated testcase definition in JSON Format using SMT formulas, types, ...",
		"service": "Testcase Specification (ready for the Z3 SMT solver)",
		"generatedDate": "Tue Nov 18 10:49:48 2025"
	},

	"SUT": {
		"output_ports": [
			{
				"name": "Abort"
			},
			{
				"name": "StartCycle",
				"parameters": [
					{
						"name": "totaTime",
						"type": "Real"
					}
				]
			},
			{
				"name": "EndCycle"
			}
		],
		"input_ports": [
			{
				"name": "WashProg",
				"parameters": [
					{
						"name": "progDuration",
						"type": "Real"
					}
				]
			}
		],
		"uncontrollable_input_ports": [
		]
	},

	"TESTCASE": {
		"variables": [
			{
				"name": "TM",
				"type": "Real"
			},
			{
				"name": "cl",
				"type": "Real"
			},
			{
				"name": "$1",
				"type": "Real"
			},
			{
				"name": "pdur1",
				"type": "Real"
			},
			{
				"name": "#3",
				"type": "Real"
			},
			{
				"name": "#2",
				"type": "Real"
			},
			{
				"name": "#1",
				"type": "Real"
			},
			{
				"name": "$delta#initial",
				"type": "Real"
			},
			{
				"name": "$2",
				"type": "Real"
			},
			{
				"name": "$3",
				"type": "Real"
			}
		],

		"states": [
			{
				"name": "ec_1",
				"sut_state": "ec_1",
				"time_var": "cl",
				"transitions": [
					{
						"name": "tr_ec2_WashProg",

						"timed_guard": "(declare-const cl Real)(assert (<= 0 cl))(declare-const TM Real)(assert (< 0 TM))(assert  (< cl TM))",

						"guard": "(declare-const #3 Real)(assert (<= 0 #3))(declare-const pdur1 Real)(assert (<= 0 pdur1))(declare-const $1 Real)(assert (<= 0 $1))(declare-const #2 Real)(assert (<= 0 #2))(assert  (and (exists ( (#3 Real) (#2 Real) ($1 Real) ) (and (<= 0 #3) (<= 0 #2) (<= 0 $1)  (and (= #3 (+ pdur1 12)) (= $1 (+ pdur1 12)) (<= #2 1) ) ) ) (<= 0 (+ pdur1 -30)) (<= pdur1 120) ))",

						"action": {
							"nature": "STIMULATION",
							"port": "WashProg",
							"parameters": [
								"pdur1"
							]
						},
						"next": "ec_2"
					},
					{
						"name": "tr_FAILout_Abort",

						"timed_guard": "(declare-const cl Real)(assert (<= 0 cl))(declare-const TM Real)(assert (< 0 TM))(assert  (< cl TM))",

						"guard": "(assert  true)",

						"action": {
							"nature": "OBSERVATION",
							"port": "Abort"
						},
						"verdict": "FAIL_OUTPUT"
					},
					{
						"name": "tr_FAILout_StartCycle",

						"timed_guard": "(declare-const cl Real)(assert (<= 0 cl))(declare-const TM Real)(assert (< 0 TM))(assert  (< cl TM))",

						"guard": "(assert  true)",

						"action": {
							"nature": "OBSERVATION",
							"port": "StartCycle",
							"parameters": [
								"$2"
							]
						},
						"verdict": "FAIL_OUTPUT"
					},
					{
						"name": "tr_FAILout_EndCycle",

						"timed_guard": "(declare-const cl Real)(assert (<= 0 cl))(declare-const TM Real)(assert (< 0 TM))(assert  (< cl TM))",

						"guard": "(assert  true)",

						"action": {
							"nature": "OBSERVATION",
							"port": "EndCycle"
						},
						"verdict": "FAIL_OUTPUT"
					},
					{
						"name": "tr_INCdur_Quiescence",

						"timed_guard": "(declare-const cl Real)(assert (<= 0 cl))(declare-const TM Real)(assert (< 0 TM))(assert  (>= cl TM))",

						"guard": "(assert  true)",

						"action": {
							"nature": "QUIESCENCE",
							"port": "Quiescence"
						},
						"verdict": "INCONCLUSIVE_DURATION"
					}
				]
			},
			{
				"name": "ec_2",
				"sut_state": "ec_2",
				"time_var": "#2",
				"transitions": [
					{
						"name": "tr_ec3_StartCycle",

						"timed_guard": "(declare-const #2 Real)(assert (<= 0 #2))(declare-const cl Real)(assert (<= 0 cl))(declare-const TM Real)(assert (< 0 TM))(assert  (and (= #2 cl) (< cl TM) ))",

						"guard": "(declare-const $1 Real)(assert (<= 0 $1))(declare-const pdur1 Real)(assert (<= 0 pdur1))(declare-const #2 Real)(assert (<= 0 #2))(assert  (and (= $1 (+ pdur1 12)) (<= #2 1) ))",

						"action": {
							"nature": "OBSERVATION",
							"port": "StartCycle",
							"parameters": [
								"$1"
							]
						},
						"next": "ec_3"
					},
					{
						"name": "tr_FAILout_StartCycle",

						"timed_guard": "(declare-const #2 Real)(assert (<= 0 #2))(declare-const cl Real)(assert (<= 0 cl))(declare-const TM Real)(assert (< 0 TM))(assert  (and (= #2 cl) (< cl TM) ))",

						"guard": "(declare-const $1 Real)(assert (<= 0 $1))(declare-const pdur1 Real)(assert (<= 0 pdur1))(declare-const #2 Real)(assert (<= 0 #2))(assert  (or (not (= $1 (+ pdur1 12))) (> #2 1) ))",

						"action": {
							"nature": "OBSERVATION",
							"port": "StartCycle",
							"parameters": [
								"$1"
							]
						},
						"verdict": "FAIL_OUTPUT"
					},
					{
						"name": "tr_FAILout_Abort",

						"timed_guard": "(declare-const cl Real)(assert (<= 0 cl))(declare-const TM Real)(assert (< 0 TM))(assert  (< cl TM))",

						"guard": "(assert  true)",

						"action": {
							"nature": "OBSERVATION",
							"port": "Abort"
						},
						"verdict": "FAIL_OUTPUT"
					},
					{
						"name": "tr_FAILout_EndCycle",

						"timed_guard": "(declare-const cl Real)(assert (<= 0 cl))(declare-const TM Real)(assert (< 0 TM))(assert  (< cl TM))",

						"guard": "(assert  true)",

						"action": {
							"nature": "OBSERVATION",
							"port": "EndCycle"
						},
						"verdict": "FAIL_OUTPUT"
					},
					{
						"name": "tr_INCdur_Quiescence",

						"timed_guard": "(declare-const #2 Real)(assert (<= 0 #2))(declare-const cl Real)(assert (<= 0 cl))(declare-const TM Real)(assert (< 0 TM))(assert  (and (= #2 cl) (>= cl TM) ))",

						"guard": "(declare-const pdur1 Real)(assert (<= 0 pdur1))(declare-const #2 Real)(assert (<= 0 #2))(assert  (exists ( (# Real) ($1 Real) ) (and (<= 0 #) (<= 0 $1)  (and (= $1 (+ pdur1 12)) (< #2 #) (<= # 1) ) ) ))",

						"action": {
							"nature": "QUIESCENCE",
							"port": "Quiescence"
						},
						"verdict": "INCONCLUSIVE_DURATION"
					},
					{
						"name": "tr_FAILdur_Quiescence",

						"timed_guard": "(declare-const #2 Real)(assert (<= 0 #2))(declare-const cl Real)(assert (<= 0 cl))(declare-const TM Real)(assert (< 0 TM))(assert  (and (= #2 cl) (>= cl TM) ))",

						"guard": "(declare-const pdur1 Real)(assert (<= 0 pdur1))(declare-const #2 Real)(assert (<= 0 #2))(assert  (forall ( (# Real) ($1 Real) ) (=> (<= 0 #) (<= 0 $1)  (or (not (= $1 (+ pdur1 12))) (>= #2 #) (> # 1) ) ) ))",

						"action": {
							"nature": "QUIESCENCE",
							"port": "Quiescence"
						},
						"verdict": "FAIL_DURATION"
					}
				]
			},
			{
				"name": "ec_3",
				"sut_state": "ec_3",
				"time_var": "#3",
				"transitions": [
					{
						"name": "tr_PASS_EndCycle",

						"timed_guard": "(declare-const #3 Real)(assert (<= 0 #3))(declare-const cl Real)(assert (<= 0 cl))(declare-const TM Real)(assert (< 0 TM))(assert  (and (= #3 cl) (< cl TM) ))",

						"guard": "(declare-const #3 Real)(assert (<= 0 #3))(declare-const pdur1 Real)(assert (<= 0 pdur1))(assert  (= #3 (+ pdur1 12)))",

						"action": {
							"nature": "OBSERVATION",
							"port": "EndCycle"
						},
						"verdict": "PASS"
					},
					{
						"name": "tr_FAILout_EndCycle",

						"timed_guard": "(declare-const #3 Real)(assert (<= 0 #3))(declare-const cl Real)(assert (<= 0 cl))(declare-const TM Real)(assert (< 0 TM))(assert  (and (= #3 cl) (< cl TM) ))",

						"guard": "(declare-const #3 Real)(assert (<= 0 #3))(declare-const pdur1 Real)(assert (<= 0 pdur1))(assert  (not (= #3 (+ pdur1 12))))",

						"action": {
							"nature": "OBSERVATION",
							"port": "EndCycle"
						},
						"verdict": "FAIL_OUTPUT"
					},
					{
						"name": "tr_FAILout_Abort",

						"timed_guard": "(declare-const cl Real)(assert (<= 0 cl))(declare-const TM Real)(assert (< 0 TM))(assert  (< cl TM))",

						"guard": "(assert  true)",

						"action": {
							"nature": "OBSERVATION",
							"port": "Abort"
						},
						"verdict": "FAIL_OUTPUT"
					},
					{
						"name": "tr_FAILout_StartCycle",

						"timed_guard": "(declare-const cl Real)(assert (<= 0 cl))(declare-const TM Real)(assert (< 0 TM))(assert  (< cl TM))",

						"guard": "(assert  true)",

						"action": {
							"nature": "OBSERVATION",
							"port": "StartCycle",
							"parameters": [
								"$3"
							]
						},
						"verdict": "FAIL_OUTPUT"
					},
					{
						"name": "tr_INCdur_Quiescence",

						"timed_guard": "(declare-const #3 Real)(assert (<= 0 #3))(declare-const cl Real)(assert (<= 0 cl))(declare-const TM Real)(assert (< 0 TM))(assert  (and (= #3 cl) (>= cl TM) ))",

						"guard": "(declare-const pdur1 Real)(assert (<= 0 pdur1))(declare-const #3 Real)(assert (<= 0 #3))(assert  (exists ( (# Real) ) (and (<= 0 #)  (and (= # (+ pdur1 12)) (< #3 #) ) ) ))",

						"action": {
							"nature": "QUIESCENCE",
							"port": "Quiescence"
						},
						"verdict": "INCONCLUSIVE_DURATION"
					},
					{
						"name": "tr_FAILdur_Quiescence",

						"timed_guard": "(declare-const #3 Real)(assert (<= 0 #3))(declare-const cl Real)(assert (<= 0 cl))(declare-const TM Real)(assert (< 0 TM))(assert  (and (= #3 cl) (>= cl TM) ))",

						"guard": "(declare-const pdur1 Real)(assert (<= 0 pdur1))(declare-const #3 Real)(assert (<= 0 #3))(assert  (forall ( (# Real) ) (=> (<= 0 #)  (or (not (= # (+ pdur1 12))) (>= #3 #) ) ) ))",

						"action": {
							"nature": "QUIESCENCE",
							"port": "Quiescence"
						},
						"verdict": "FAIL_DURATION"
					}
				]
			}
		]

	}
}
