{
	"manifest": {
		"version": 0.1,
		"description": "Generated testcase definition in JSON Format using SMT formulas, types, ...",
		"service": "Testcase Specification (ready for the Z3 SMT solver)",
		"generatedDate": "Mon Nov 17 18:11:59 2025"
	},

	"SUT": {
		"output_ports": [
			{
				"name": "DispenseCash",
				"parameters": [
					{
						"name": "$0",
						"type": "Int"
					}
				]
			},
			{
				"name": "InsufficientFunds",
				"parameters": [
					{
						"name": "$0",
						"type": "Int"
					}
				]
			},
			{
				"name": "PrintBalance",
				"parameters": [
					{
						"name": "$0",
						"type": "Int"
					}
				]
			}
		],
		"input_ports": [
			{
				"name": "Withdrawl",
				"parameters": [
					{
						"name": "$0",
						"type": "Int"
					}
				]
			}
		],
		"uncontrollable_input_ports": [
		]
	},

	"TESTCASE": {
		"variables": [
			{
				"name": "TM",
				"type": "Real"
			},
			{
				"name": "cl",
				"type": "Real"
			},
			{
				"name": "$1",
				"type": "Int"
			},
			{
				"name": "amount1",
				"type": "Int"
			},
			{
				"name": "#2",
				"type": "Real"
			},
			{
				"name": "#1",
				"type": "Real"
			},
			{
				"name": "$delta#initial",
				"type": "Real"
			},
			{
				"name": "$3",
				"type": "Int"
			},
			{
				"name": "$4",
				"type": "Int"
			},
			{
				"name": "$5",
				"type": "Int"
			},
			{
				"name": "$6",
				"type": "Int"
			}
		],

		"states": [
			{
				"name": "ec_1",
				"sut_state": "ec_1",
				"time_var": "cl",
				"transitions": [
					{
						"name": "tr_ec2_Withdrawl",

						"timed_guard": "(declare-const cl Real)(assert (<= 0 cl))(declare-const TM Real)(assert (< 0 TM))(assert  (< cl TM))",

						"guard": "(declare-const $1 Int)(declare-const amount1 Int)(declare-const #2 Real)(assert (<= 0 #2))(assert  (and (exists ( (#2 Real) ($1 Int) ) (and (<= 0 #2)  (and (= $1 amount1) (<= #2 10) ) ) ) (<= amount1 100) (> amount1 0) ))",

						"action": {
							"nature": "STIMULATION",
							"port": "Withdrawl",
							"parameters": [
								"amount1"
							]
						},
						"next": "ec_2"
					},
					{
						"name": "tr_FAILout_DispenseCash",

						"timed_guard": "(declare-const cl Real)(assert (<= 0 cl))(declare-const TM Real)(assert (< 0 TM))(assert  (< cl TM))",

						"guard": "(assert  true)",

						"action": {
							"nature": "OBSERVATION",
							"port": "DispenseCash",
							"parameters": [
								"$3"
							]
						},
						"verdict": "FAIL_OUTPUT"
					},
					{
						"name": "tr_FAILout_InsufficientFunds",

						"timed_guard": "(declare-const cl Real)(assert (<= 0 cl))(declare-const TM Real)(assert (< 0 TM))(assert  (< cl TM))",

						"guard": "(assert  true)",

						"action": {
							"nature": "OBSERVATION",
							"port": "InsufficientFunds",
							"parameters": [
								"$4"
							]
						},
						"verdict": "FAIL_OUTPUT"
					},
					{
						"name": "tr_FAILout_PrintBalance",

						"timed_guard": "(declare-const cl Real)(assert (<= 0 cl))(declare-const TM Real)(assert (< 0 TM))(assert  (< cl TM))",

						"guard": "(assert  true)",

						"action": {
							"nature": "OBSERVATION",
							"port": "PrintBalance",
							"parameters": [
								"$5"
							]
						},
						"verdict": "FAIL_OUTPUT"
					},
					{
						"name": "tr_INCdur_Quiescence",

						"timed_guard": "(declare-const cl Real)(assert (<= 0 cl))(declare-const TM Real)(assert (< 0 TM))(assert  (>= cl TM))",

						"guard": "(assert  true)",

						"action": {
							"nature": "QUIESCENCE",
							"port": "Quiescence"
						},
						"verdict": "INCONCLUSIVE_DURATION"
					}
				]
			},
			{
				"name": "ec_2",
				"sut_state": "ec_2",
				"time_var": "#2",
				"transitions": [
					{
						"name": "tr_PASS_DispenseCash",

						"timed_guard": "(declare-const #2 Real)(assert (<= 0 #2))(declare-const cl Real)(assert (<= 0 cl))(declare-const TM Real)(assert (< 0 TM))(assert  (and (= #2 cl) (< cl TM) ))",

						"guard": "(declare-const $1 Int)(declare-const amount1 Int)(declare-const #2 Real)(assert (<= 0 #2))(assert  (and (= $1 amount1) (<= #2 10) ))",

						"action": {
							"nature": "OBSERVATION",
							"port": "DispenseCash",
							"parameters": [
								"$1"
							]
						},
						"verdict": "PASS"
					},
					{
						"name": "tr_FAILout_DispenseCash",

						"timed_guard": "(declare-const #2 Real)(assert (<= 0 #2))(declare-const cl Real)(assert (<= 0 cl))(declare-const TM Real)(assert (< 0 TM))(assert  (and (= #2 cl) (< cl TM) ))",

						"guard": "(declare-const $1 Int)(declare-const amount1 Int)(declare-const #2 Real)(assert (<= 0 #2))(assert  (or (not (= $1 amount1)) (> #2 10) ))",

						"action": {
							"nature": "OBSERVATION",
							"port": "DispenseCash",
							"parameters": [
								"$1"
							]
						},
						"verdict": "FAIL_OUTPUT"
					},
					{
						"name": "tr_FAILout_InsufficientFunds",

						"timed_guard": "(declare-const cl Real)(assert (<= 0 cl))(declare-const TM Real)(assert (< 0 TM))(assert  (< cl TM))",

						"guard": "(assert  true)",

						"action": {
							"nature": "OBSERVATION",
							"port": "InsufficientFunds"
						},
						"verdict": "FAIL_OUTPUT"
					},
					{
						"name": "tr_FAILout_PrintBalance",

						"timed_guard": "(declare-const cl Real)(assert (<= 0 cl))(declare-const TM Real)(assert (< 0 TM))(assert  (< cl TM))",

						"guard": "(assert  true)",

						"action": {
							"nature": "OBSERVATION",
							"port": "PrintBalance",
							"parameters": [
								"$6"
							]
						},
						"verdict": "FAIL_OUTPUT"
					},
					{
						"name": "tr_INCdur_Quiescence",

						"timed_guard": "(declare-const #2 Real)(assert (<= 0 #2))(declare-const cl Real)(assert (<= 0 cl))(declare-const TM Real)(assert (< 0 TM))(assert  (and (= #2 cl) (>= cl TM) ))",

						"guard": "(declare-const amount1 Int)(declare-const #2 Real)(assert (<= 0 #2))(assert  (exists ( (# Real) ($1 Int) ) (and (<= 0 #)  (and (= $1 amount1) (< #2 #) (<= # 10) ) ) ))",

						"action": {
							"nature": "QUIESCENCE",
							"port": "Quiescence"
						},
						"verdict": "INCONCLUSIVE_DURATION"
					},
					{
						"name": "tr_FAILdur_Quiescence",

						"timed_guard": "(declare-const #2 Real)(assert (<= 0 #2))(declare-const cl Real)(assert (<= 0 cl))(declare-const TM Real)(assert (< 0 TM))(assert  (and (= #2 cl) (>= cl TM) ))",

						"guard": "(declare-const amount1 Int)(declare-const #2 Real)(assert (<= 0 #2))(assert  (forall ( (# Real) ($1 Int) ) (=> (<= 0 #)  (or (not (= $1 amount1)) (>= #2 #) (> # 10) ) ) ))",

						"action": {
							"nature": "QUIESCENCE",
							"port": "Quiescence"
						},
						"verdict": "FAIL_DURATION"
					}
				]
			}
		]

	}
}
