{
	"manifest": {
		"version": 0.1,
		"description": "Generated testcase definition in JSON Format",
		"service": "Testcase Specification",
		"generatedDate": "Thu Oct 30 20:30:23 2025"
	},

	"SUT": {
		"output_ports": [
			{
				"name": "Out"
			}
		],
		"input_ports": [
			{
				"name": "In"
			}
		],
		"uncontrollable_input_ports": [
		]
	},

	"TESTCASE": {
		"variables": [
			{
				"name": "TM",
				"type": "pos_rational"
			},
			{
				"name": "cl",
				"type": "clock< urational >"
			},
			{
				"name": "#2",
				"type": "time< urational >"
			},
			{
				"name": "#1",
				"type": "time< urational >"
			},
			{
				"name": "$delta#initial",
				"type": "time< urational >"
			}
		],

		"states": [
			{
				"name": "ec_1",
				"sut_state": "ec_1",
				"time_var": "cl",
				"transitions": [
					{
						"name": "tr_ec2_In",

						"timed_guard": "(cl < TM)",

						"guard": "true",

						"action": {
							"nature": "STIMULATION",
							"port": "In"
						},
						"next": "ec_2"
					},
					{
						"name": "tr_FAILout_Out",

						"timed_guard": "(cl < TM)",

						"guard": "true",

						"action": {
							"nature": "OBSERVATION",
							"port": "Out"
						},
						"verdict": "FAIL_OUTPUT"
					},
					{
						"name": "tr_INCdur_Quiescence",

						"timed_guard": "(cl >= TM)",

						"guard": "true",

						"action": {
							"nature": "QUIESCENCE",
							"port": "Quiescence"
						},
						"verdict": "INCONCLUSIVE_DURATION"
					}
				]
			},
			{
				"name": "ec_2",
				"sut_state": "ec_2",
				"time_var": "#2",
				"transitions": [
					{
						"name": "tr_PASS_Out",

						"timed_guard": "((#2 == cl) && (cl < TM))",

						"guard": "(#2 <= 5)",

						"action": {
							"nature": "OBSERVATION",
							"port": "Out"
						},
						"verdict": "PASS"
					},
					{
						"name": "tr_FAILout_Out",

						"timed_guard": "((#2 == cl) && (cl < TM))",

						"guard": "(#2 > 5)",

						"action": {
							"nature": "OBSERVATION",
							"port": "Out"
						},
						"verdict": "FAIL_OUTPUT"
					},
					{
						"name": "tr_INCdur_Quiescence",

						"timed_guard": "((#2 == cl) && (cl >= TM))",

						"guard": "exists< # : urational >((#2 < #) && (# <= 5))",

						"action": {
							"nature": "QUIESCENCE",
							"port": "Quiescence"
						},
						"verdict": "INCONCLUSIVE_DURATION"
					},
					{
						"name": "tr_FAILdur_Quiescence",

						"timed_guard": "((#2 == cl) && (cl >= TM))",

						"guard": "forall< # : urational >((#2 >= #) || (# > 5))",

						"action": {
							"nature": "QUIESCENCE",
							"port": "Quiescence"
						},
						"verdict": "FAIL_DURATION"
					}
				]
			}
		]

	}
}
