{
	"manifest": {
		"version": 0.1,
		"description": "Generated testcase definition in JSON Format using SMT formulas, types, ...",
		"service": "Testcase Specification (ready for the Z3 SMT solver)",
		"generatedDate": "Fri Oct 31 01:29:00 2025"
	},

	"SUT": {
		"output_ports": [
			{
				"name": "Join_agr_c",
				"parameters": [
					{
						"name": "joining_veh_sender",
						"type": "Int"
					}
				]
			},
			{
				"name": "Set_spacing_c",
				"parameters": [
					{
						"name": "joining_OR_leaving__veh_sender",
						"type": "Int"
					},
					{
						"name": "space",
						"type": "Int"
					}
				]
			},
			{
				"name": "Platoon_m_c",
				"parameters": [
					{
						"name": "joining_veh_sender",
						"type": "Int"
					}
				]
			},
			{
				"name": "Fail_to_join",
				"parameters": [
					{
						"name": "joining_veh_sender",
						"type": "Int"
					}
				]
			},
			{
				"name": "Leave_agr_c",
				"parameters": [
					{
						"name": "leaving_veh_sender",
						"type": "Int"
					}
				]
			},
			{
				"name": "Switch_steering",
				"parameters": [
					{
						"name": "back_vehicle",
						"type": "Int"
					}
				]
			},
			{
				"name": "No_platoon_m_c",
				"parameters": [
					{
						"name": "leaving_veh_sender",
						"type": "Int"
					}
				]
			},
			{
				"name": "Fail_to_leave",
				"parameters": [
					{
						"name": "leaving_veh_sender",
						"type": "Int"
					}
				]
			}
		],
		"input_ports": [
			{
				"name": "Join_r",
				"parameters": [
					{
						"name": "joining_veh_sender",
						"type": "Int"
					},
					{
						"name": "joining_veh_front",
						"type": "Int"
					}
				]
			},
			{
				"name": "Set_spacing_from",
				"parameters": [
					{
						"name": "joining_veh_front_OR_leaving_veh_sender",
						"type": "Int"
					}
				]
			},
			{
				"name": "Join_suc",
				"parameters": [
					{
						"name": "joining_veh_sender",
						"type": "Int"
					}
				]
			},
			{
				"name": "Leave_r",
				"parameters": [
					{
						"name": "leaving_veh_sender",
						"type": "Int"
					},
					{
						"name": "leaving_veh_front",
						"type": "Int"
					},
					{
						"name": "back_vehicle",
						"type": "Int"
					}
				]
			},
			{
				"name": "Switch_steering_done",
				"parameters": [
					{
						"name": "back_vehicle",
						"type": "Int"
					}
				]
			},
			{
				"name": "Left_suc",
				"parameters": [
					{
						"name": "leaving_veh_sender",
						"type": "Int"
					}
				]
			}
		],
		"uncontrollable_input_ports": [
		]
	},

	"TESTCASE": {
		"variables": [
			{
				"name": "TM",
				"type": "Real"
			},
			{
				"name": "cl",
				"type": "Real"
			},
			{
				"name": "$8",
				"type": "Int"
			},
			{
				"name": "joining_veh_front_ret7",
				"type": "Int"
			},
			{
				"name": "$6",
				"type": "Int"
			},
			{
				"name": "$7",
				"type": "Int"
			},
			{
				"name": "joining_veh_sender_ret5",
				"type": "Int"
			},
			{
				"name": "$5",
				"type": "Int"
			},
			{
				"name": "$4",
				"type": "Int"
			},
			{
				"name": "joining_veh_front_ret3",
				"type": "Int"
			},
			{
				"name": "$2",
				"type": "Int"
			},
			{
				"name": "$3",
				"type": "Int"
			},
			{
				"name": "joining_veh_sender1",
				"type": "Int"
			},
			{
				"name": "joining_veh_front1",
				"type": "Int"
			},
			{
				"name": "leaving_veh_sender1",
				"type": "Int"
			},
			{
				"name": "leaving_veh_front1",
				"type": "Int"
			},
			{
				"name": "back_vehicle1",
				"type": "Int"
			},
			{
				"name": "#8",
				"type": "Real"
			},
			{
				"name": "#7",
				"type": "Real"
			},
			{
				"name": "#6",
				"type": "Real"
			},
			{
				"name": "#5",
				"type": "Real"
			},
			{
				"name": "#4",
				"type": "Real"
			},
			{
				"name": "#3",
				"type": "Real"
			},
			{
				"name": "#2",
				"type": "Real"
			},
			{
				"name": "#1",
				"type": "Real"
			},
			{
				"name": "$delta#initial",
				"type": "Real"
			},
			{
				"name": "$9",
				"type": "Int"
			},
			{
				"name": "$10",
				"type": "Int"
			},
			{
				"name": "$11",
				"type": "Int"
			},
			{
				"name": "$12",
				"type": "Int"
			},
			{
				"name": "$13",
				"type": "Int"
			},
			{
				"name": "$14",
				"type": "Int"
			},
			{
				"name": "$15",
				"type": "Int"
			},
			{
				"name": "$16",
				"type": "Int"
			},
			{
				"name": "$17",
				"type": "Int"
			},
			{
				"name": "$18",
				"type": "Int"
			},
			{
				"name": "$19",
				"type": "Int"
			},
			{
				"name": "$20",
				"type": "Int"
			},
			{
				"name": "$21",
				"type": "Int"
			},
			{
				"name": "$22",
				"type": "Int"
			},
			{
				"name": "$23",
				"type": "Int"
			},
			{
				"name": "$24",
				"type": "Int"
			},
			{
				"name": "$25",
				"type": "Int"
			},
			{
				"name": "$26",
				"type": "Int"
			},
			{
				"name": "$27",
				"type": "Int"
			},
			{
				"name": "$28",
				"type": "Int"
			},
			{
				"name": "$29",
				"type": "Int"
			},
			{
				"name": "$30",
				"type": "Int"
			},
			{
				"name": "$31",
				"type": "Int"
			},
			{
				"name": "$32",
				"type": "Int"
			},
			{
				"name": "$33",
				"type": "Int"
			},
			{
				"name": "$34",
				"type": "Int"
			},
			{
				"name": "$35",
				"type": "Int"
			},
			{
				"name": "$36",
				"type": "Int"
			},
			{
				"name": "$37",
				"type": "Int"
			},
			{
				"name": "$38",
				"type": "Int"
			},
			{
				"name": "$39",
				"type": "Int"
			},
			{
				"name": "$40",
				"type": "Int"
			},
			{
				"name": "$41",
				"type": "Int"
			},
			{
				"name": "$42",
				"type": "Int"
			},
			{
				"name": "$43",
				"type": "Int"
			},
			{
				"name": "$44",
				"type": "Int"
			},
			{
				"name": "$45",
				"type": "Int"
			},
			{
				"name": "$46",
				"type": "Int"
			},
			{
				"name": "$47",
				"type": "Int"
			},
			{
				"name": "$48",
				"type": "Int"
			},
			{
				"name": "$49",
				"type": "Int"
			},
			{
				"name": "$50",
				"type": "Int"
			},
			{
				"name": "$51",
				"type": "Int"
			},
			{
				"name": "$52",
				"type": "Int"
			},
			{
				"name": "$53",
				"type": "Int"
			},
			{
				"name": "$54",
				"type": "Int"
			},
			{
				"name": "$55",
				"type": "Int"
			},
			{
				"name": "$56",
				"type": "Int"
			},
			{
				"name": "$57",
				"type": "Int"
			},
			{
				"name": "$58",
				"type": "Int"
			},
			{
				"name": "$59",
				"type": "Int"
			},
			{
				"name": "$60",
				"type": "Int"
			},
			{
				"name": "$61",
				"type": "Int"
			},
			{
				"name": "$62",
				"type": "Int"
			},
			{
				"name": "$63",
				"type": "Int"
			},
			{
				"name": "$64",
				"type": "Int"
			},
			{
				"name": "$65",
				"type": "Int"
			},
			{
				"name": "$66",
				"type": "Int"
			},
			{
				"name": "$67",
				"type": "Int"
			},
			{
				"name": "$68",
				"type": "Int"
			},
			{
				"name": "$69",
				"type": "Int"
			},
			{
				"name": "$70",
				"type": "Int"
			},
			{
				"name": "$71",
				"type": "Int"
			},
			{
				"name": "$72",
				"type": "Int"
			}
		],

		"states": [
			{
				"name": "ec_1",
				"sut_state": "ec_1",
				"time_var": "cl",
				"transitions": [
					{
						"name": "tr_ec2_Join_r",

						"timed_guard": "(declare-const cl Real)(assert (<= 0 cl))(declare-const TM Real)(assert (< 0 TM))(assert  (< cl TM))",

						"guard": "(declare-const joining_veh_front_ret3 Int)(declare-const joining_veh_front1 Int)(declare-const joining_veh_front_ret7 Int)(declare-const joining_veh_sender_ret5 Int)(declare-const joining_veh_sender1 Int)(declare-const $8 Int)(declare-const $2 Int)(declare-const $3 Int)(declare-const AVAIL_SPACE Int)(assert (<= 0 AVAIL_SPACE))(declare-const $4 Int)(declare-const $6 Int)(declare-const $7 Int)(declare-const NO_SPACE Int)(assert (<= 0 NO_SPACE))(declare-const #2 Real)(assert (<= 0 #2))(declare-const #3 Real)(assert (<= 0 #3))(declare-const #4 Real)(assert (<= 0 #4))(declare-const #6 Real)(assert (<= 0 #6))(declare-const #7 Real)(assert (<= 0 #7))(declare-const #8 Real)(assert (<= 0 #8))(assert  (and (exists ( (#8 Real) ($8 Int) (#7 Real) (joining_veh_front_ret7 Int) (#6 Real) ($6 Int) ($7 Int) (joining_veh_sender_ret5 Int) (#4 Real) ($4 Int) (#3 Real) (joining_veh_front_ret3 Int) (#2 Real) ($2 Int) ($3 Int) ) (and (<= 0 #8) (<= 0 #7) (<= 0 #6) (<= 0 #4) (<= 0 #3) (<= 0 #2)  (and (= joining_veh_front_ret3 joining_veh_front1) (= joining_veh_front_ret7 joining_veh_front1) (= joining_veh_sender_ret5 joining_veh_sender1) (= $8 joining_veh_sender1) (= $2 joining_veh_front1) (= $3 AVAIL_SPACE) (= $4 joining_veh_sender1) (= $6 joining_veh_front1) (= $7 NO_SPACE) (<= #2 0) (<= #3 25) (<= #4 0) (<= #6 0) (<= #7 25) (<= #8 0) (>= #3 15) (>= #7 15) ) ) ) (not (= joining_veh_front1 0)) ))",

						"action": {
							"nature": "STIMULATION",
							"port": "Join_r",
							"parameters": [
								"joining_veh_sender1",
								"joining_veh_front1"
							]
						},
						"next": "ec_2"
					},
					{
						"name": "tr_FAILout_Join_agr_c",

						"timed_guard": "(declare-const cl Real)(assert (<= 0 cl))(declare-const TM Real)(assert (< 0 TM))(assert  (< cl TM))",

						"guard": "(assert  true)",

						"action": {
							"nature": "OBSERVATION",
							"port": "Join_agr_c",
							"parameters": [
								"$9"
							]
						},
						"verdict": "FAIL_OUTPUT"
					},
					{
						"name": "tr_FAILout_Set_spacing_c",

						"timed_guard": "(declare-const cl Real)(assert (<= 0 cl))(declare-const TM Real)(assert (< 0 TM))(assert  (< cl TM))",

						"guard": "(assert  true)",

						"action": {
							"nature": "OBSERVATION",
							"port": "Set_spacing_c",
							"parameters": [
								"$10",
								"$11"
							]
						},
						"verdict": "FAIL_OUTPUT"
					},
					{
						"name": "tr_FAILout_Platoon_m_c",

						"timed_guard": "(declare-const cl Real)(assert (<= 0 cl))(declare-const TM Real)(assert (< 0 TM))(assert  (< cl TM))",

						"guard": "(assert  true)",

						"action": {
							"nature": "OBSERVATION",
							"port": "Platoon_m_c",
							"parameters": [
								"$12"
							]
						},
						"verdict": "FAIL_OUTPUT"
					},
					{
						"name": "tr_FAILout_Fail_to_join",

						"timed_guard": "(declare-const cl Real)(assert (<= 0 cl))(declare-const TM Real)(assert (< 0 TM))(assert  (< cl TM))",

						"guard": "(assert  true)",

						"action": {
							"nature": "OBSERVATION",
							"port": "Fail_to_join",
							"parameters": [
								"$13"
							]
						},
						"verdict": "FAIL_OUTPUT"
					},
					{
						"name": "tr_FAILout_Leave_agr_c",

						"timed_guard": "(declare-const cl Real)(assert (<= 0 cl))(declare-const TM Real)(assert (< 0 TM))(assert  (< cl TM))",

						"guard": "(assert  true)",

						"action": {
							"nature": "OBSERVATION",
							"port": "Leave_agr_c",
							"parameters": [
								"$14"
							]
						},
						"verdict": "FAIL_OUTPUT"
					},
					{
						"name": "tr_FAILout_Switch_steering",

						"timed_guard": "(declare-const cl Real)(assert (<= 0 cl))(declare-const TM Real)(assert (< 0 TM))(assert  (< cl TM))",

						"guard": "(assert  true)",

						"action": {
							"nature": "OBSERVATION",
							"port": "Switch_steering",
							"parameters": [
								"$15"
							]
						},
						"verdict": "FAIL_OUTPUT"
					},
					{
						"name": "tr_FAILout_No_platoon_m_c",

						"timed_guard": "(declare-const cl Real)(assert (<= 0 cl))(declare-const TM Real)(assert (< 0 TM))(assert  (< cl TM))",

						"guard": "(assert  true)",

						"action": {
							"nature": "OBSERVATION",
							"port": "No_platoon_m_c",
							"parameters": [
								"$16"
							]
						},
						"verdict": "FAIL_OUTPUT"
					},
					{
						"name": "tr_FAILout_Fail_to_leave",

						"timed_guard": "(declare-const cl Real)(assert (<= 0 cl))(declare-const TM Real)(assert (< 0 TM))(assert  (< cl TM))",

						"guard": "(assert  true)",

						"action": {
							"nature": "OBSERVATION",
							"port": "Fail_to_leave",
							"parameters": [
								"$17"
							]
						},
						"verdict": "FAIL_OUTPUT"
					},
					{
						"name": "tr_INCdur_Quiescence",

						"timed_guard": "(declare-const cl Real)(assert (<= 0 cl))(declare-const TM Real)(assert (< 0 TM))(assert  (>= cl TM))",

						"guard": "(assert  true)",

						"action": {
							"nature": "QUIESCENCE",
							"port": "Quiescence"
						},
						"verdict": "INCONCLUSIVE_DURATION"
					}
				]
			},
			{
				"name": "ec_2",
				"sut_state": "ec_2",
				"time_var": "#2",
				"transitions": [
					{
						"name": "tr_ec5_Set_spacing_c",

						"timed_guard": "(declare-const #2 Real)(assert (<= 0 #2))(declare-const cl Real)(assert (<= 0 cl))(declare-const TM Real)(assert (< 0 TM))(assert  (and (= #2 cl) (< cl TM) ))",

						"guard": "(declare-const $2 Int)(declare-const joining_veh_front1 Int)(declare-const $3 Int)(declare-const AVAIL_SPACE Int)(assert (<= 0 AVAIL_SPACE))(declare-const #2 Real)(assert (<= 0 #2))(assert  (and (= $2 joining_veh_front1) (= $3 AVAIL_SPACE) (<= #2 0) ))",

						"action": {
							"nature": "OBSERVATION",
							"port": "Set_spacing_c",
							"parameters": [
								"$2",
								"$3"
							]
						},
						"next": "ec_5"
					},
					{
						"name": "tr_FAILout_Set_spacing_c",

						"timed_guard": "(declare-const #2 Real)(assert (<= 0 #2))(declare-const cl Real)(assert (<= 0 cl))(declare-const TM Real)(assert (< 0 TM))(assert  (and (= #2 cl) (< cl TM) ))",

						"guard": "(declare-const $2 Int)(declare-const joining_veh_front1 Int)(declare-const $3 Int)(declare-const AVAIL_SPACE Int)(assert (<= 0 AVAIL_SPACE))(declare-const #2 Real)(assert (<= 0 #2))(assert  (or (not (= $2 joining_veh_front1)) (not (= $3 AVAIL_SPACE)) (> #2 0) ))",

						"action": {
							"nature": "OBSERVATION",
							"port": "Set_spacing_c",
							"parameters": [
								"$2",
								"$3"
							]
						},
						"verdict": "FAIL_OUTPUT"
					},
					{
						"name": "tr_FAILout_Join_agr_c",

						"timed_guard": "(declare-const cl Real)(assert (<= 0 cl))(declare-const TM Real)(assert (< 0 TM))(assert  (< cl TM))",

						"guard": "(assert  true)",

						"action": {
							"nature": "OBSERVATION",
							"port": "Join_agr_c"
						},
						"verdict": "FAIL_OUTPUT"
					},
					{
						"name": "tr_FAILout_Platoon_m_c",

						"timed_guard": "(declare-const cl Real)(assert (<= 0 cl))(declare-const TM Real)(assert (< 0 TM))(assert  (< cl TM))",

						"guard": "(assert  true)",

						"action": {
							"nature": "OBSERVATION",
							"port": "Platoon_m_c",
							"parameters": [
								"$18"
							]
						},
						"verdict": "FAIL_OUTPUT"
					},
					{
						"name": "tr_FAILout_Fail_to_join",

						"timed_guard": "(declare-const cl Real)(assert (<= 0 cl))(declare-const TM Real)(assert (< 0 TM))(assert  (< cl TM))",

						"guard": "(assert  true)",

						"action": {
							"nature": "OBSERVATION",
							"port": "Fail_to_join",
							"parameters": [
								"$19"
							]
						},
						"verdict": "FAIL_OUTPUT"
					},
					{
						"name": "tr_FAILout_Leave_agr_c",

						"timed_guard": "(declare-const cl Real)(assert (<= 0 cl))(declare-const TM Real)(assert (< 0 TM))(assert  (< cl TM))",

						"guard": "(assert  true)",

						"action": {
							"nature": "OBSERVATION",
							"port": "Leave_agr_c",
							"parameters": [
								"$20"
							]
						},
						"verdict": "FAIL_OUTPUT"
					},
					{
						"name": "tr_FAILout_Switch_steering",

						"timed_guard": "(declare-const cl Real)(assert (<= 0 cl))(declare-const TM Real)(assert (< 0 TM))(assert  (< cl TM))",

						"guard": "(assert  true)",

						"action": {
							"nature": "OBSERVATION",
							"port": "Switch_steering",
							"parameters": [
								"$21"
							]
						},
						"verdict": "FAIL_OUTPUT"
					},
					{
						"name": "tr_FAILout_No_platoon_m_c",

						"timed_guard": "(declare-const cl Real)(assert (<= 0 cl))(declare-const TM Real)(assert (< 0 TM))(assert  (< cl TM))",

						"guard": "(assert  true)",

						"action": {
							"nature": "OBSERVATION",
							"port": "No_platoon_m_c",
							"parameters": [
								"$22"
							]
						},
						"verdict": "FAIL_OUTPUT"
					},
					{
						"name": "tr_FAILout_Fail_to_leave",

						"timed_guard": "(declare-const cl Real)(assert (<= 0 cl))(declare-const TM Real)(assert (< 0 TM))(assert  (< cl TM))",

						"guard": "(assert  true)",

						"action": {
							"nature": "OBSERVATION",
							"port": "Fail_to_leave",
							"parameters": [
								"$23"
							]
						},
						"verdict": "FAIL_OUTPUT"
					},
					{
						"name": "tr_INCdur_Quiescence",

						"timed_guard": "(declare-const #2 Real)(assert (<= 0 #2))(declare-const cl Real)(assert (<= 0 cl))(declare-const TM Real)(assert (< 0 TM))(assert  (and (= #2 cl) (>= cl TM) ))",

						"guard": "(declare-const $2 Int)(declare-const joining_veh_front1 Int)(declare-const $3 Int)(declare-const AVAIL_SPACE Int)(assert (<= 0 AVAIL_SPACE))(declare-const #2 Real)(assert (<= 0 #2))(assert  (or (forall ( (#2 Real) ) (=> (<= 0 #2)  (or (not (= $2 joining_veh_front1)) (not (= $3 AVAIL_SPACE)) (= joining_veh_front1 0) (> #2 0) ) ) ) (and (exists ( (# Real) ($2 Int) ($3 Int) ) (and (<= 0 #)  (and (= $2 joining_veh_front1) (= $3 AVAIL_SPACE) (< #2 #) (<= # 0) ) ) ) (not (= joining_veh_front1 0)) ) ))",

						"action": {
							"nature": "QUIESCENCE",
							"port": "Quiescence"
						},
						"verdict": "INCONCLUSIVE_DURATION"
					},
					{
						"name": "tr_FAILdur_Quiescence",

						"timed_guard": "(declare-const #2 Real)(assert (<= 0 #2))(declare-const cl Real)(assert (<= 0 cl))(declare-const TM Real)(assert (< 0 TM))(assert  (and (= #2 cl) (>= cl TM) ))",

						"guard": "(declare-const $2 Int)(declare-const joining_veh_front1 Int)(declare-const $3 Int)(declare-const AVAIL_SPACE Int)(assert (<= 0 AVAIL_SPACE))(declare-const #2 Real)(assert (<= 0 #2))(assert  (and (exists ( (#2 Real) ) (and (<= 0 #2)  (and (= $2 joining_veh_front1) (= $3 AVAIL_SPACE) (not (= joining_veh_front1 0)) (<= #2 0) ) ) ) (or (forall ( (# Real) ($2 Int) ($3 Int) ) (=> (<= 0 #)  (or (not (= $2 joining_veh_front1)) (not (= $3 AVAIL_SPACE)) (>= #2 #) (> # 0) ) ) ) (= joining_veh_front1 0) ) ))",

						"action": {
							"nature": "QUIESCENCE",
							"port": "Quiescence"
						},
						"verdict": "FAIL_DURATION"
					}
				]
			},
			{
				"name": "ec_5",
				"sut_state": "ec_5",
				"time_var": "#3",
				"transitions": [
					{
						"name": "tr_ec6_Set_spacing_from",

						"timed_guard": "(declare-const #3 Real)(assert (<= 0 #3))(declare-const cl Real)(assert (<= 0 cl))(declare-const TM Real)(assert (< 0 TM))(assert  (and (= #3 cl) (< cl TM) ))",

						"guard": "(declare-const joining_veh_front_ret7 Int)(declare-const joining_veh_front1 Int)(declare-const joining_veh_sender_ret5 Int)(declare-const joining_veh_sender1 Int)(declare-const $8 Int)(declare-const $4 Int)(declare-const $6 Int)(declare-const $7 Int)(declare-const NO_SPACE Int)(assert (<= 0 NO_SPACE))(declare-const #4 Real)(assert (<= 0 #4))(declare-const #6 Real)(assert (<= 0 #6))(declare-const #7 Real)(assert (<= 0 #7))(declare-const #8 Real)(assert (<= 0 #8))(declare-const joining_veh_front_ret3 Int)(declare-const #3 Real)(assert (<= 0 #3))(assert  (and (exists ( (#8 Real) ($8 Int) (#7 Real) (joining_veh_front_ret7 Int) (#6 Real) ($6 Int) ($7 Int) (joining_veh_sender_ret5 Int) (#4 Real) ($4 Int) ) (and (<= 0 #8) (<= 0 #7) (<= 0 #6) (<= 0 #4)  (and (= joining_veh_front_ret7 joining_veh_front1) (= joining_veh_sender_ret5 joining_veh_sender1) (= $8 joining_veh_sender1) (= $4 joining_veh_sender1) (= $6 joining_veh_front1) (= $7 NO_SPACE) (<= #4 0) (<= #6 0) (<= #7 25) (<= #8 0) (>= #7 15) ) ) ) (= joining_veh_front_ret3 joining_veh_front1) (<= #3 25) (>= #3 15) ))",

						"action": {
							"nature": "STIMULATION",
							"port": "Set_spacing_from",
							"parameters": [
								"joining_veh_front_ret3"
							]
						},
						"next": "ec_6"
					},
					{
						"name": "tr_FAILout_Join_agr_c",

						"timed_guard": "(declare-const cl Real)(assert (<= 0 cl))(declare-const TM Real)(assert (< 0 TM))(assert  (< cl TM))",

						"guard": "(assert  true)",

						"action": {
							"nature": "OBSERVATION",
							"port": "Join_agr_c",
							"parameters": [
								"$24"
							]
						},
						"verdict": "FAIL_OUTPUT"
					},
					{
						"name": "tr_FAILout_Set_spacing_c",

						"timed_guard": "(declare-const cl Real)(assert (<= 0 cl))(declare-const TM Real)(assert (< 0 TM))(assert  (< cl TM))",

						"guard": "(assert  true)",

						"action": {
							"nature": "OBSERVATION",
							"port": "Set_spacing_c",
							"parameters": [
								"$25",
								"$26"
							]
						},
						"verdict": "FAIL_OUTPUT"
					},
					{
						"name": "tr_FAILout_Platoon_m_c",

						"timed_guard": "(declare-const cl Real)(assert (<= 0 cl))(declare-const TM Real)(assert (< 0 TM))(assert  (< cl TM))",

						"guard": "(assert  true)",

						"action": {
							"nature": "OBSERVATION",
							"port": "Platoon_m_c",
							"parameters": [
								"$27"
							]
						},
						"verdict": "FAIL_OUTPUT"
					},
					{
						"name": "tr_FAILout_Fail_to_join",

						"timed_guard": "(declare-const cl Real)(assert (<= 0 cl))(declare-const TM Real)(assert (< 0 TM))(assert  (< cl TM))",

						"guard": "(assert  true)",

						"action": {
							"nature": "OBSERVATION",
							"port": "Fail_to_join",
							"parameters": [
								"$28"
							]
						},
						"verdict": "FAIL_OUTPUT"
					},
					{
						"name": "tr_FAILout_Leave_agr_c",

						"timed_guard": "(declare-const cl Real)(assert (<= 0 cl))(declare-const TM Real)(assert (< 0 TM))(assert  (< cl TM))",

						"guard": "(assert  true)",

						"action": {
							"nature": "OBSERVATION",
							"port": "Leave_agr_c",
							"parameters": [
								"$29"
							]
						},
						"verdict": "FAIL_OUTPUT"
					},
					{
						"name": "tr_FAILout_Switch_steering",

						"timed_guard": "(declare-const cl Real)(assert (<= 0 cl))(declare-const TM Real)(assert (< 0 TM))(assert  (< cl TM))",

						"guard": "(assert  true)",

						"action": {
							"nature": "OBSERVATION",
							"port": "Switch_steering",
							"parameters": [
								"$30"
							]
						},
						"verdict": "FAIL_OUTPUT"
					},
					{
						"name": "tr_FAILout_No_platoon_m_c",

						"timed_guard": "(declare-const cl Real)(assert (<= 0 cl))(declare-const TM Real)(assert (< 0 TM))(assert  (< cl TM))",

						"guard": "(assert  true)",

						"action": {
							"nature": "OBSERVATION",
							"port": "No_platoon_m_c",
							"parameters": [
								"$31"
							]
						},
						"verdict": "FAIL_OUTPUT"
					},
					{
						"name": "tr_FAILout_Fail_to_leave",

						"timed_guard": "(declare-const cl Real)(assert (<= 0 cl))(declare-const TM Real)(assert (< 0 TM))(assert  (< cl TM))",

						"guard": "(assert  true)",

						"action": {
							"nature": "OBSERVATION",
							"port": "Fail_to_leave",
							"parameters": [
								"$32"
							]
						},
						"verdict": "FAIL_OUTPUT"
					},
					{
						"name": "tr_INCdur_Quiescence",

						"timed_guard": "(declare-const cl Real)(assert (<= 0 cl))(declare-const TM Real)(assert (< 0 TM))(assert  (>= cl TM))",

						"guard": "(assert  true)",

						"action": {
							"nature": "QUIESCENCE",
							"port": "Quiescence"
						},
						"verdict": "INCONCLUSIVE_DURATION"
					}
				]
			},
			{
				"name": "ec_6",
				"sut_state": "ec_6",
				"time_var": "#4",
				"transitions": [
					{
						"name": "tr_ec7_Join_agr_c",

						"timed_guard": "(declare-const #4 Real)(assert (<= 0 #4))(declare-const cl Real)(assert (<= 0 cl))(declare-const TM Real)(assert (< 0 TM))(assert  (and (= #4 cl) (< cl TM) ))",

						"guard": "(declare-const $4 Int)(declare-const joining_veh_sender1 Int)(declare-const #4 Real)(assert (<= 0 #4))(assert  (and (= $4 joining_veh_sender1) (<= #4 0) ))",

						"action": {
							"nature": "OBSERVATION",
							"port": "Join_agr_c",
							"parameters": [
								"$4"
							]
						},
						"next": "ec_7"
					},
					{
						"name": "tr_FAILout_Join_agr_c",

						"timed_guard": "(declare-const #4 Real)(assert (<= 0 #4))(declare-const cl Real)(assert (<= 0 cl))(declare-const TM Real)(assert (< 0 TM))(assert  (and (= #4 cl) (< cl TM) ))",

						"guard": "(declare-const $4 Int)(declare-const joining_veh_sender1 Int)(declare-const #4 Real)(assert (<= 0 #4))(assert  (or (not (= $4 joining_veh_sender1)) (> #4 0) ))",

						"action": {
							"nature": "OBSERVATION",
							"port": "Join_agr_c",
							"parameters": [
								"$4"
							]
						},
						"verdict": "FAIL_OUTPUT"
					},
					{
						"name": "tr_FAILout_Set_spacing_c",

						"timed_guard": "(declare-const cl Real)(assert (<= 0 cl))(declare-const TM Real)(assert (< 0 TM))(assert  (< cl TM))",

						"guard": "(assert  true)",

						"action": {
							"nature": "OBSERVATION",
							"port": "Set_spacing_c",
							"parameters": [
								"$33",
								"$34"
							]
						},
						"verdict": "FAIL_OUTPUT"
					},
					{
						"name": "tr_FAILout_Platoon_m_c",

						"timed_guard": "(declare-const cl Real)(assert (<= 0 cl))(declare-const TM Real)(assert (< 0 TM))(assert  (< cl TM))",

						"guard": "(assert  true)",

						"action": {
							"nature": "OBSERVATION",
							"port": "Platoon_m_c",
							"parameters": [
								"$35"
							]
						},
						"verdict": "FAIL_OUTPUT"
					},
					{
						"name": "tr_FAILout_Fail_to_join",

						"timed_guard": "(declare-const cl Real)(assert (<= 0 cl))(declare-const TM Real)(assert (< 0 TM))(assert  (< cl TM))",

						"guard": "(assert  true)",

						"action": {
							"nature": "OBSERVATION",
							"port": "Fail_to_join",
							"parameters": [
								"$36"
							]
						},
						"verdict": "FAIL_OUTPUT"
					},
					{
						"name": "tr_FAILout_Leave_agr_c",

						"timed_guard": "(declare-const cl Real)(assert (<= 0 cl))(declare-const TM Real)(assert (< 0 TM))(assert  (< cl TM))",

						"guard": "(assert  true)",

						"action": {
							"nature": "OBSERVATION",
							"port": "Leave_agr_c",
							"parameters": [
								"$37"
							]
						},
						"verdict": "FAIL_OUTPUT"
					},
					{
						"name": "tr_FAILout_Switch_steering",

						"timed_guard": "(declare-const cl Real)(assert (<= 0 cl))(declare-const TM Real)(assert (< 0 TM))(assert  (< cl TM))",

						"guard": "(assert  true)",

						"action": {
							"nature": "OBSERVATION",
							"port": "Switch_steering",
							"parameters": [
								"$38"
							]
						},
						"verdict": "FAIL_OUTPUT"
					},
					{
						"name": "tr_FAILout_No_platoon_m_c",

						"timed_guard": "(declare-const cl Real)(assert (<= 0 cl))(declare-const TM Real)(assert (< 0 TM))(assert  (< cl TM))",

						"guard": "(assert  true)",

						"action": {
							"nature": "OBSERVATION",
							"port": "No_platoon_m_c",
							"parameters": [
								"$39"
							]
						},
						"verdict": "FAIL_OUTPUT"
					},
					{
						"name": "tr_FAILout_Fail_to_leave",

						"timed_guard": "(declare-const cl Real)(assert (<= 0 cl))(declare-const TM Real)(assert (< 0 TM))(assert  (< cl TM))",

						"guard": "(assert  true)",

						"action": {
							"nature": "OBSERVATION",
							"port": "Fail_to_leave",
							"parameters": [
								"$40"
							]
						},
						"verdict": "FAIL_OUTPUT"
					},
					{
						"name": "tr_INCdur_Quiescence",

						"timed_guard": "(declare-const #4 Real)(assert (<= 0 #4))(declare-const cl Real)(assert (<= 0 cl))(declare-const TM Real)(assert (< 0 TM))(assert  (and (= #4 cl) (>= cl TM) ))",

						"guard": "(declare-const joining_veh_sender1 Int)(declare-const #4 Real)(assert (<= 0 #4))(declare-const $4 Int)(assert  (or (exists ( (# Real) ($4 Int) ) (and (<= 0 #)  (and (= $4 joining_veh_sender1) (< #4 #) (<= # 0) ) ) ) (forall ( (#4 Real) ) (=> (<= 0 #4)  (or (not (= $4 joining_veh_sender1)) (> #4 0) ) ) ) ))",

						"action": {
							"nature": "QUIESCENCE",
							"port": "Quiescence"
						},
						"verdict": "INCONCLUSIVE_DURATION"
					},
					{
						"name": "tr_FAILdur_Quiescence",

						"timed_guard": "(declare-const #4 Real)(assert (<= 0 #4))(declare-const cl Real)(assert (<= 0 cl))(declare-const TM Real)(assert (< 0 TM))(assert  (and (= #4 cl) (>= cl TM) ))",

						"guard": "(declare-const $4 Int)(declare-const joining_veh_sender1 Int)(declare-const #4 Real)(assert (<= 0 #4))(assert  (and (exists ( (#4 Real) ) (and (<= 0 #4)  (and (= $4 joining_veh_sender1) (<= #4 0) ) ) ) (forall ( (# Real) ($4 Int) ) (=> (<= 0 #)  (or (not (= $4 joining_veh_sender1)) (>= #4 #) (> # 0) ) ) ) ))",

						"action": {
							"nature": "QUIESCENCE",
							"port": "Quiescence"
						},
						"verdict": "FAIL_DURATION"
					}
				]
			},
			{
				"name": "ec_7",
				"sut_state": "ec_7",
				"time_var": "cl",
				"transitions": [
					{
						"name": "tr_ec8_Join_suc",

						"timed_guard": "(declare-const cl Real)(assert (<= 0 cl))(declare-const TM Real)(assert (< 0 TM))(assert  (< cl TM))",

						"guard": "(declare-const joining_veh_front_ret7 Int)(declare-const joining_veh_front1 Int)(declare-const $8 Int)(declare-const joining_veh_sender1 Int)(declare-const $6 Int)(declare-const $7 Int)(declare-const NO_SPACE Int)(assert (<= 0 NO_SPACE))(declare-const #6 Real)(assert (<= 0 #6))(declare-const #7 Real)(assert (<= 0 #7))(declare-const #8 Real)(assert (<= 0 #8))(declare-const joining_veh_sender_ret5 Int)(assert  (and (exists ( (#8 Real) ($8 Int) (#7 Real) (joining_veh_front_ret7 Int) (#6 Real) ($6 Int) ($7 Int) ) (and (<= 0 #8) (<= 0 #7) (<= 0 #6)  (and (= joining_veh_front_ret7 joining_veh_front1) (= $8 joining_veh_sender1) (= $6 joining_veh_front1) (= $7 NO_SPACE) (<= #6 0) (<= #7 25) (<= #8 0) (>= #7 15) ) ) ) (= joining_veh_sender_ret5 joining_veh_sender1) ))",

						"action": {
							"nature": "STIMULATION",
							"port": "Join_suc",
							"parameters": [
								"joining_veh_sender_ret5"
							]
						},
						"next": "ec_8"
					},
					{
						"name": "tr_INCout_Fail_to_join",

						"timed_guard": "(declare-const #5 Real)(assert (<= 0 #5))(declare-const cl Real)(assert (<= 0 cl))(declare-const TM Real)(assert (< 0 TM))(assert  (and (= #5 cl) (< cl TM) ))",

						"guard": "(declare-const $5 Int)(declare-const joining_veh_sender1 Int)(declare-const #3 Real)(assert (<= 0 #3))(declare-const #4 Real)(assert (<= 0 #4))(declare-const #5 Real)(assert (<= 0 #5))(assert  (and (= $5 joining_veh_sender1) (>= (+ #3 #4 #5) 67) ))",

						"action": {
							"nature": "OBSERVATION",
							"port": "Fail_to_join",
							"parameters": [
								"$5"
							]
						},
						"verdict": "INCONCLUSIVE_OUTPUT"
					},
					{
						"name": "tr_FAILout_Fail_to_join",

						"timed_guard": "(declare-const #5 Real)(assert (<= 0 #5))(declare-const cl Real)(assert (<= 0 cl))(declare-const TM Real)(assert (< 0 TM))(assert  (and (= #5 cl) (< cl TM) ))",

						"guard": "(declare-const $5 Int)(declare-const joining_veh_sender1 Int)(declare-const #3 Real)(assert (<= 0 #3))(declare-const #4 Real)(assert (<= 0 #4))(declare-const #5 Real)(assert (<= 0 #5))(assert  (or (not (= $5 joining_veh_sender1)) (< (+ #3 #4 #5) 67) ))",

						"action": {
							"nature": "OBSERVATION",
							"port": "Fail_to_join",
							"parameters": [
								"$5"
							]
						},
						"verdict": "FAIL_OUTPUT"
					},
					{
						"name": "tr_FAILout_Join_agr_c",

						"timed_guard": "(declare-const cl Real)(assert (<= 0 cl))(declare-const TM Real)(assert (< 0 TM))(assert  (< cl TM))",

						"guard": "(assert  true)",

						"action": {
							"nature": "OBSERVATION",
							"port": "Join_agr_c",
							"parameters": [
								"$41"
							]
						},
						"verdict": "FAIL_OUTPUT"
					},
					{
						"name": "tr_FAILout_Set_spacing_c",

						"timed_guard": "(declare-const cl Real)(assert (<= 0 cl))(declare-const TM Real)(assert (< 0 TM))(assert  (< cl TM))",

						"guard": "(assert  true)",

						"action": {
							"nature": "OBSERVATION",
							"port": "Set_spacing_c",
							"parameters": [
								"$42",
								"$43"
							]
						},
						"verdict": "FAIL_OUTPUT"
					},
					{
						"name": "tr_FAILout_Platoon_m_c",

						"timed_guard": "(declare-const cl Real)(assert (<= 0 cl))(declare-const TM Real)(assert (< 0 TM))(assert  (< cl TM))",

						"guard": "(assert  true)",

						"action": {
							"nature": "OBSERVATION",
							"port": "Platoon_m_c",
							"parameters": [
								"$44"
							]
						},
						"verdict": "FAIL_OUTPUT"
					},
					{
						"name": "tr_FAILout_Leave_agr_c",

						"timed_guard": "(declare-const cl Real)(assert (<= 0 cl))(declare-const TM Real)(assert (< 0 TM))(assert  (< cl TM))",

						"guard": "(assert  true)",

						"action": {
							"nature": "OBSERVATION",
							"port": "Leave_agr_c",
							"parameters": [
								"$45"
							]
						},
						"verdict": "FAIL_OUTPUT"
					},
					{
						"name": "tr_FAILout_Switch_steering",

						"timed_guard": "(declare-const cl Real)(assert (<= 0 cl))(declare-const TM Real)(assert (< 0 TM))(assert  (< cl TM))",

						"guard": "(assert  true)",

						"action": {
							"nature": "OBSERVATION",
							"port": "Switch_steering",
							"parameters": [
								"$46"
							]
						},
						"verdict": "FAIL_OUTPUT"
					},
					{
						"name": "tr_FAILout_No_platoon_m_c",

						"timed_guard": "(declare-const cl Real)(assert (<= 0 cl))(declare-const TM Real)(assert (< 0 TM))(assert  (< cl TM))",

						"guard": "(assert  true)",

						"action": {
							"nature": "OBSERVATION",
							"port": "No_platoon_m_c",
							"parameters": [
								"$47"
							]
						},
						"verdict": "FAIL_OUTPUT"
					},
					{
						"name": "tr_FAILout_Fail_to_leave",

						"timed_guard": "(declare-const cl Real)(assert (<= 0 cl))(declare-const TM Real)(assert (< 0 TM))(assert  (< cl TM))",

						"guard": "(assert  true)",

						"action": {
							"nature": "OBSERVATION",
							"port": "Fail_to_leave",
							"parameters": [
								"$48"
							]
						},
						"verdict": "FAIL_OUTPUT"
					},
					{
						"name": "tr_INCdur_Quiescence",

						"timed_guard": "(declare-const #5 Real)(assert (<= 0 #5))(declare-const cl Real)(assert (<= 0 cl))(declare-const TM Real)(assert (< 0 TM))(assert  (and (= #5 cl) (>= cl TM) ))",

						"guard": "(declare-const joining_veh_sender1 Int)(declare-const #5 Real)(assert (<= 0 #5))(declare-const #3 Real)(assert (<= 0 #3))(declare-const #4 Real)(assert (<= 0 #4))(assert  (exists ( (# Real) ($5 Int) ) (and (<= 0 #)  (and (= $5 joining_veh_sender1) (< #5 #) (>= (+ #3 #4 #) 67) ) ) ))",

						"action": {
							"nature": "QUIESCENCE",
							"port": "Quiescence"
						},
						"verdict": "INCONCLUSIVE_DURATION"
					},
					{
						"name": "tr_FAILdur_Quiescence",

						"timed_guard": "(declare-const #5 Real)(assert (<= 0 #5))(declare-const cl Real)(assert (<= 0 cl))(declare-const TM Real)(assert (< 0 TM))(assert  (and (= #5 cl) (>= cl TM) ))",

						"guard": "(declare-const joining_veh_sender1 Int)(declare-const #5 Real)(assert (<= 0 #5))(declare-const #3 Real)(assert (<= 0 #3))(declare-const #4 Real)(assert (<= 0 #4))(assert  (forall ( (# Real) ($5 Int) ) (=> (<= 0 #)  (or (not (= $5 joining_veh_sender1)) (>= #5 #) (< (+ #3 #4 #) 67) ) ) ))",

						"action": {
							"nature": "QUIESCENCE",
							"port": "Quiescence"
						},
						"verdict": "FAIL_DURATION"
					}
				]
			},
			{
				"name": "ec_8",
				"sut_state": "ec_8",
				"time_var": "#6",
				"transitions": [
					{
						"name": "tr_ec10_Set_spacing_c",

						"timed_guard": "(declare-const #6 Real)(assert (<= 0 #6))(declare-const cl Real)(assert (<= 0 cl))(declare-const TM Real)(assert (< 0 TM))(assert  (and (= #6 cl) (< cl TM) ))",

						"guard": "(declare-const $6 Int)(declare-const joining_veh_front1 Int)(declare-const $7 Int)(declare-const NO_SPACE Int)(assert (<= 0 NO_SPACE))(declare-const #6 Real)(assert (<= 0 #6))(assert  (and (= $6 joining_veh_front1) (= $7 NO_SPACE) (<= #6 0) ))",

						"action": {
							"nature": "OBSERVATION",
							"port": "Set_spacing_c",
							"parameters": [
								"$6",
								"$7"
							]
						},
						"next": "ec_10"
					},
					{
						"name": "tr_FAILout_Set_spacing_c",

						"timed_guard": "(declare-const #6 Real)(assert (<= 0 #6))(declare-const cl Real)(assert (<= 0 cl))(declare-const TM Real)(assert (< 0 TM))(assert  (and (= #6 cl) (< cl TM) ))",

						"guard": "(declare-const $6 Int)(declare-const joining_veh_front1 Int)(declare-const $7 Int)(declare-const NO_SPACE Int)(assert (<= 0 NO_SPACE))(declare-const #6 Real)(assert (<= 0 #6))(assert  (or (not (= $6 joining_veh_front1)) (not (= $7 NO_SPACE)) (> #6 0) ))",

						"action": {
							"nature": "OBSERVATION",
							"port": "Set_spacing_c",
							"parameters": [
								"$6",
								"$7"
							]
						},
						"verdict": "FAIL_OUTPUT"
					},
					{
						"name": "tr_FAILout_Join_agr_c",

						"timed_guard": "(declare-const cl Real)(assert (<= 0 cl))(declare-const TM Real)(assert (< 0 TM))(assert  (< cl TM))",

						"guard": "(assert  true)",

						"action": {
							"nature": "OBSERVATION",
							"port": "Join_agr_c",
							"parameters": [
								"$49"
							]
						},
						"verdict": "FAIL_OUTPUT"
					},
					{
						"name": "tr_FAILout_Platoon_m_c",

						"timed_guard": "(declare-const cl Real)(assert (<= 0 cl))(declare-const TM Real)(assert (< 0 TM))(assert  (< cl TM))",

						"guard": "(assert  true)",

						"action": {
							"nature": "OBSERVATION",
							"port": "Platoon_m_c",
							"parameters": [
								"$50"
							]
						},
						"verdict": "FAIL_OUTPUT"
					},
					{
						"name": "tr_FAILout_Fail_to_join",

						"timed_guard": "(declare-const cl Real)(assert (<= 0 cl))(declare-const TM Real)(assert (< 0 TM))(assert  (< cl TM))",

						"guard": "(assert  true)",

						"action": {
							"nature": "OBSERVATION",
							"port": "Fail_to_join",
							"parameters": [
								"$51"
							]
						},
						"verdict": "FAIL_OUTPUT"
					},
					{
						"name": "tr_FAILout_Leave_agr_c",

						"timed_guard": "(declare-const cl Real)(assert (<= 0 cl))(declare-const TM Real)(assert (< 0 TM))(assert  (< cl TM))",

						"guard": "(assert  true)",

						"action": {
							"nature": "OBSERVATION",
							"port": "Leave_agr_c",
							"parameters": [
								"$52"
							]
						},
						"verdict": "FAIL_OUTPUT"
					},
					{
						"name": "tr_FAILout_Switch_steering",

						"timed_guard": "(declare-const cl Real)(assert (<= 0 cl))(declare-const TM Real)(assert (< 0 TM))(assert  (< cl TM))",

						"guard": "(assert  true)",

						"action": {
							"nature": "OBSERVATION",
							"port": "Switch_steering",
							"parameters": [
								"$53"
							]
						},
						"verdict": "FAIL_OUTPUT"
					},
					{
						"name": "tr_FAILout_No_platoon_m_c",

						"timed_guard": "(declare-const cl Real)(assert (<= 0 cl))(declare-const TM Real)(assert (< 0 TM))(assert  (< cl TM))",

						"guard": "(assert  true)",

						"action": {
							"nature": "OBSERVATION",
							"port": "No_platoon_m_c",
							"parameters": [
								"$54"
							]
						},
						"verdict": "FAIL_OUTPUT"
					},
					{
						"name": "tr_FAILout_Fail_to_leave",

						"timed_guard": "(declare-const cl Real)(assert (<= 0 cl))(declare-const TM Real)(assert (< 0 TM))(assert  (< cl TM))",

						"guard": "(assert  true)",

						"action": {
							"nature": "OBSERVATION",
							"port": "Fail_to_leave",
							"parameters": [
								"$55"
							]
						},
						"verdict": "FAIL_OUTPUT"
					},
					{
						"name": "tr_INCdur_Quiescence",

						"timed_guard": "(declare-const #6 Real)(assert (<= 0 #6))(declare-const cl Real)(assert (<= 0 cl))(declare-const TM Real)(assert (< 0 TM))(assert  (and (= #6 cl) (>= cl TM) ))",

						"guard": "(declare-const $6 Int)(declare-const joining_veh_front1 Int)(declare-const $7 Int)(declare-const NO_SPACE Int)(assert (<= 0 NO_SPACE))(declare-const #6 Real)(assert (<= 0 #6))(assert  (or (forall ( (#6 Real) ) (=> (<= 0 #6)  (or (not (= $6 joining_veh_front1)) (not (= $7 NO_SPACE)) (= joining_veh_front1 0) (> #6 0) ) ) ) (and (exists ( (# Real) ($6 Int) ($7 Int) ) (and (<= 0 #)  (and (= $6 joining_veh_front1) (= $7 NO_SPACE) (< #6 #) (<= # 0) ) ) ) (not (= joining_veh_front1 0)) ) ))",

						"action": {
							"nature": "QUIESCENCE",
							"port": "Quiescence"
						},
						"verdict": "INCONCLUSIVE_DURATION"
					},
					{
						"name": "tr_FAILdur_Quiescence",

						"timed_guard": "(declare-const #6 Real)(assert (<= 0 #6))(declare-const cl Real)(assert (<= 0 cl))(declare-const TM Real)(assert (< 0 TM))(assert  (and (= #6 cl) (>= cl TM) ))",

						"guard": "(declare-const $6 Int)(declare-const joining_veh_front1 Int)(declare-const $7 Int)(declare-const NO_SPACE Int)(assert (<= 0 NO_SPACE))(declare-const #6 Real)(assert (<= 0 #6))(assert  (and (exists ( (#6 Real) ) (and (<= 0 #6)  (and (= $6 joining_veh_front1) (= $7 NO_SPACE) (not (= joining_veh_front1 0)) (<= #6 0) ) ) ) (or (forall ( (# Real) ($6 Int) ($7 Int) ) (=> (<= 0 #)  (or (not (= $6 joining_veh_front1)) (not (= $7 NO_SPACE)) (>= #6 #) (> # 0) ) ) ) (= joining_veh_front1 0) ) ))",

						"action": {
							"nature": "QUIESCENCE",
							"port": "Quiescence"
						},
						"verdict": "FAIL_DURATION"
					}
				]
			},
			{
				"name": "ec_10",
				"sut_state": "ec_10",
				"time_var": "#7",
				"transitions": [
					{
						"name": "tr_ec11_Set_spacing_from",

						"timed_guard": "(declare-const #7 Real)(assert (<= 0 #7))(declare-const cl Real)(assert (<= 0 cl))(declare-const TM Real)(assert (< 0 TM))(assert  (and (= #7 cl) (< cl TM) ))",

						"guard": "(declare-const $8 Int)(declare-const joining_veh_sender1 Int)(declare-const #8 Real)(assert (<= 0 #8))(declare-const joining_veh_front_ret7 Int)(declare-const joining_veh_front1 Int)(declare-const #7 Real)(assert (<= 0 #7))(assert  (and (exists ( (#8 Real) ($8 Int) ) (and (<= 0 #8)  (and (= $8 joining_veh_sender1) (<= #8 0) ) ) ) (= joining_veh_front_ret7 joining_veh_front1) (<= #7 25) (>= #7 15) ))",

						"action": {
							"nature": "STIMULATION",
							"port": "Set_spacing_from",
							"parameters": [
								"joining_veh_front_ret7"
							]
						},
						"next": "ec_11"
					},
					{
						"name": "tr_FAILout_Join_agr_c",

						"timed_guard": "(declare-const cl Real)(assert (<= 0 cl))(declare-const TM Real)(assert (< 0 TM))(assert  (< cl TM))",

						"guard": "(assert  true)",

						"action": {
							"nature": "OBSERVATION",
							"port": "Join_agr_c",
							"parameters": [
								"$56"
							]
						},
						"verdict": "FAIL_OUTPUT"
					},
					{
						"name": "tr_FAILout_Set_spacing_c",

						"timed_guard": "(declare-const cl Real)(assert (<= 0 cl))(declare-const TM Real)(assert (< 0 TM))(assert  (< cl TM))",

						"guard": "(assert  true)",

						"action": {
							"nature": "OBSERVATION",
							"port": "Set_spacing_c",
							"parameters": [
								"$57",
								"$58"
							]
						},
						"verdict": "FAIL_OUTPUT"
					},
					{
						"name": "tr_FAILout_Platoon_m_c",

						"timed_guard": "(declare-const cl Real)(assert (<= 0 cl))(declare-const TM Real)(assert (< 0 TM))(assert  (< cl TM))",

						"guard": "(assert  true)",

						"action": {
							"nature": "OBSERVATION",
							"port": "Platoon_m_c",
							"parameters": [
								"$59"
							]
						},
						"verdict": "FAIL_OUTPUT"
					},
					{
						"name": "tr_FAILout_Fail_to_join",

						"timed_guard": "(declare-const cl Real)(assert (<= 0 cl))(declare-const TM Real)(assert (< 0 TM))(assert  (< cl TM))",

						"guard": "(assert  true)",

						"action": {
							"nature": "OBSERVATION",
							"port": "Fail_to_join",
							"parameters": [
								"$60"
							]
						},
						"verdict": "FAIL_OUTPUT"
					},
					{
						"name": "tr_FAILout_Leave_agr_c",

						"timed_guard": "(declare-const cl Real)(assert (<= 0 cl))(declare-const TM Real)(assert (< 0 TM))(assert  (< cl TM))",

						"guard": "(assert  true)",

						"action": {
							"nature": "OBSERVATION",
							"port": "Leave_agr_c",
							"parameters": [
								"$61"
							]
						},
						"verdict": "FAIL_OUTPUT"
					},
					{
						"name": "tr_FAILout_Switch_steering",

						"timed_guard": "(declare-const cl Real)(assert (<= 0 cl))(declare-const TM Real)(assert (< 0 TM))(assert  (< cl TM))",

						"guard": "(assert  true)",

						"action": {
							"nature": "OBSERVATION",
							"port": "Switch_steering",
							"parameters": [
								"$62"
							]
						},
						"verdict": "FAIL_OUTPUT"
					},
					{
						"name": "tr_FAILout_No_platoon_m_c",

						"timed_guard": "(declare-const cl Real)(assert (<= 0 cl))(declare-const TM Real)(assert (< 0 TM))(assert  (< cl TM))",

						"guard": "(assert  true)",

						"action": {
							"nature": "OBSERVATION",
							"port": "No_platoon_m_c",
							"parameters": [
								"$63"
							]
						},
						"verdict": "FAIL_OUTPUT"
					},
					{
						"name": "tr_FAILout_Fail_to_leave",

						"timed_guard": "(declare-const cl Real)(assert (<= 0 cl))(declare-const TM Real)(assert (< 0 TM))(assert  (< cl TM))",

						"guard": "(assert  true)",

						"action": {
							"nature": "OBSERVATION",
							"port": "Fail_to_leave",
							"parameters": [
								"$64"
							]
						},
						"verdict": "FAIL_OUTPUT"
					},
					{
						"name": "tr_INCdur_Quiescence",

						"timed_guard": "(declare-const cl Real)(assert (<= 0 cl))(declare-const TM Real)(assert (< 0 TM))(assert  (>= cl TM))",

						"guard": "(assert  true)",

						"action": {
							"nature": "QUIESCENCE",
							"port": "Quiescence"
						},
						"verdict": "INCONCLUSIVE_DURATION"
					}
				]
			},
			{
				"name": "ec_11",
				"sut_state": "ec_11",
				"time_var": "#8",
				"transitions": [
					{
						"name": "tr_PASS_Platoon_m_c",

						"timed_guard": "(declare-const #8 Real)(assert (<= 0 #8))(declare-const cl Real)(assert (<= 0 cl))(declare-const TM Real)(assert (< 0 TM))(assert  (and (= #8 cl) (< cl TM) ))",

						"guard": "(declare-const $8 Int)(declare-const joining_veh_sender1 Int)(declare-const #8 Real)(assert (<= 0 #8))(assert  (and (= $8 joining_veh_sender1) (<= #8 0) ))",

						"action": {
							"nature": "OBSERVATION",
							"port": "Platoon_m_c",
							"parameters": [
								"$8"
							]
						},
						"verdict": "PASS"
					},
					{
						"name": "tr_FAILout_Platoon_m_c",

						"timed_guard": "(declare-const #8 Real)(assert (<= 0 #8))(declare-const cl Real)(assert (<= 0 cl))(declare-const TM Real)(assert (< 0 TM))(assert  (and (= #8 cl) (< cl TM) ))",

						"guard": "(declare-const $8 Int)(declare-const joining_veh_sender1 Int)(declare-const #8 Real)(assert (<= 0 #8))(assert  (or (not (= $8 joining_veh_sender1)) (> #8 0) ))",

						"action": {
							"nature": "OBSERVATION",
							"port": "Platoon_m_c",
							"parameters": [
								"$8"
							]
						},
						"verdict": "FAIL_OUTPUT"
					},
					{
						"name": "tr_FAILout_Join_agr_c",

						"timed_guard": "(declare-const cl Real)(assert (<= 0 cl))(declare-const TM Real)(assert (< 0 TM))(assert  (< cl TM))",

						"guard": "(assert  true)",

						"action": {
							"nature": "OBSERVATION",
							"port": "Join_agr_c",
							"parameters": [
								"$65"
							]
						},
						"verdict": "FAIL_OUTPUT"
					},
					{
						"name": "tr_FAILout_Set_spacing_c",

						"timed_guard": "(declare-const cl Real)(assert (<= 0 cl))(declare-const TM Real)(assert (< 0 TM))(assert  (< cl TM))",

						"guard": "(assert  true)",

						"action": {
							"nature": "OBSERVATION",
							"port": "Set_spacing_c",
							"parameters": [
								"$66",
								"$67"
							]
						},
						"verdict": "FAIL_OUTPUT"
					},
					{
						"name": "tr_FAILout_Fail_to_join",

						"timed_guard": "(declare-const cl Real)(assert (<= 0 cl))(declare-const TM Real)(assert (< 0 TM))(assert  (< cl TM))",

						"guard": "(assert  true)",

						"action": {
							"nature": "OBSERVATION",
							"port": "Fail_to_join",
							"parameters": [
								"$68"
							]
						},
						"verdict": "FAIL_OUTPUT"
					},
					{
						"name": "tr_FAILout_Leave_agr_c",

						"timed_guard": "(declare-const cl Real)(assert (<= 0 cl))(declare-const TM Real)(assert (< 0 TM))(assert  (< cl TM))",

						"guard": "(assert  true)",

						"action": {
							"nature": "OBSERVATION",
							"port": "Leave_agr_c",
							"parameters": [
								"$69"
							]
						},
						"verdict": "FAIL_OUTPUT"
					},
					{
						"name": "tr_FAILout_Switch_steering",

						"timed_guard": "(declare-const cl Real)(assert (<= 0 cl))(declare-const TM Real)(assert (< 0 TM))(assert  (< cl TM))",

						"guard": "(assert  true)",

						"action": {
							"nature": "OBSERVATION",
							"port": "Switch_steering",
							"parameters": [
								"$70"
							]
						},
						"verdict": "FAIL_OUTPUT"
					},
					{
						"name": "tr_FAILout_No_platoon_m_c",

						"timed_guard": "(declare-const cl Real)(assert (<= 0 cl))(declare-const TM Real)(assert (< 0 TM))(assert  (< cl TM))",

						"guard": "(assert  true)",

						"action": {
							"nature": "OBSERVATION",
							"port": "No_platoon_m_c",
							"parameters": [
								"$71"
							]
						},
						"verdict": "FAIL_OUTPUT"
					},
					{
						"name": "tr_FAILout_Fail_to_leave",

						"timed_guard": "(declare-const cl Real)(assert (<= 0 cl))(declare-const TM Real)(assert (< 0 TM))(assert  (< cl TM))",

						"guard": "(assert  true)",

						"action": {
							"nature": "OBSERVATION",
							"port": "Fail_to_leave",
							"parameters": [
								"$72"
							]
						},
						"verdict": "FAIL_OUTPUT"
					},
					{
						"name": "tr_INCdur_Quiescence",

						"timed_guard": "(declare-const #8 Real)(assert (<= 0 #8))(declare-const cl Real)(assert (<= 0 cl))(declare-const TM Real)(assert (< 0 TM))(assert  (and (= #8 cl) (>= cl TM) ))",

						"guard": "(declare-const joining_veh_sender1 Int)(declare-const #8 Real)(assert (<= 0 #8))(declare-const $8 Int)(assert  (or (exists ( (# Real) ($8 Int) ) (and (<= 0 #)  (and (= $8 joining_veh_sender1) (< #8 #) (<= # 0) ) ) ) (forall ( (#8 Real) ) (=> (<= 0 #8)  (or (not (= $8 joining_veh_sender1)) (> #8 0) ) ) ) ))",

						"action": {
							"nature": "QUIESCENCE",
							"port": "Quiescence"
						},
						"verdict": "INCONCLUSIVE_DURATION"
					},
					{
						"name": "tr_FAILdur_Quiescence",

						"timed_guard": "(declare-const #8 Real)(assert (<= 0 #8))(declare-const cl Real)(assert (<= 0 cl))(declare-const TM Real)(assert (< 0 TM))(assert  (and (= #8 cl) (>= cl TM) ))",

						"guard": "(declare-const $8 Int)(declare-const joining_veh_sender1 Int)(declare-const #8 Real)(assert (<= 0 #8))(assert  (and (exists ( (#8 Real) ) (and (<= 0 #8)  (and (= $8 joining_veh_sender1) (<= #8 0) ) ) ) (forall ( (# Real) ($8 Int) ) (=> (<= 0 #)  (or (not (= $8 joining_veh_sender1)) (>= #8 #) (> # 0) ) ) ) ))",

						"action": {
							"nature": "QUIESCENCE",
							"port": "Quiescence"
						},
						"verdict": "FAIL_DURATION"
					}
				]
			}
		]

	}
}
