{
	"manifest": {
		"version": 0.1,
		"description": "Generated testcase definition in JSON Format",
		"service": "Testcase Specification",
		"generatedDate": "Thu Oct 30 22:32:05 2025"
	},

	"SUT": {
		"output_ports": [
			{
				"name": "Join_agr_c",
				"parameters": [
					{
						"name": "joining_veh_sender",
						"type": "integer"
					}
				]
			},
			{
				"name": "Set_spacing_c",
				"parameters": [
					{
						"name": "joining_OR_leaving__veh_sender",
						"type": "integer"
					},
					{
						"name": "space",
						"type": "integer"
					}
				]
			},
			{
				"name": "Platoon_m_c",
				"parameters": [
					{
						"name": "joining_veh_sender",
						"type": "integer"
					}
				]
			},
			{
				"name": "Fail_to_join",
				"parameters": [
					{
						"name": "joining_veh_sender",
						"type": "integer"
					}
				]
			},
			{
				"name": "Leave_agr_c",
				"parameters": [
					{
						"name": "leaving_veh_sender",
						"type": "integer"
					}
				]
			},
			{
				"name": "Switch_steering",
				"parameters": [
					{
						"name": "back_vehicle",
						"type": "integer"
					}
				]
			},
			{
				"name": "No_platoon_m_c",
				"parameters": [
					{
						"name": "leaving_veh_sender",
						"type": "integer"
					}
				]
			},
			{
				"name": "Fail_to_leave",
				"parameters": [
					{
						"name": "leaving_veh_sender",
						"type": "integer"
					}
				]
			}
		],
		"input_ports": [
			{
				"name": "Join_r",
				"parameters": [
					{
						"name": "joining_veh_sender",
						"type": "integer"
					},
					{
						"name": "joining_veh_front",
						"type": "integer"
					}
				]
			},
			{
				"name": "Set_spacing_from",
				"parameters": [
					{
						"name": "joining_veh_front_OR_leaving_veh_sender",
						"type": "integer"
					}
				]
			},
			{
				"name": "Join_suc",
				"parameters": [
					{
						"name": "joining_veh_sender",
						"type": "integer"
					}
				]
			},
			{
				"name": "Leave_r",
				"parameters": [
					{
						"name": "leaving_veh_sender",
						"type": "integer"
					},
					{
						"name": "leaving_veh_front",
						"type": "integer"
					},
					{
						"name": "back_vehicle",
						"type": "integer"
					}
				]
			},
			{
				"name": "Switch_steering_done",
				"parameters": [
					{
						"name": "back_vehicle",
						"type": "integer"
					}
				]
			},
			{
				"name": "Left_suc",
				"parameters": [
					{
						"name": "leaving_veh_sender",
						"type": "integer"
					}
				]
			}
		],
		"uncontrollable_input_ports": [
		]
	},

	"TESTCASE": {
		"variables": [
			{
				"name": "TM",
				"type": "pos_rational"
			},
			{
				"name": "cl",
				"type": "clock< urational >"
			},
			{
				"name": "$8",
				"type": "integer"
			},
			{
				"name": "joining_veh_front_ret7",
				"type": "integer"
			},
			{
				"name": "$6",
				"type": "integer"
			},
			{
				"name": "$7",
				"type": "integer"
			},
			{
				"name": "joining_veh_sender_ret5",
				"type": "integer"
			},
			{
				"name": "$5",
				"type": "integer"
			},
			{
				"name": "$4",
				"type": "integer"
			},
			{
				"name": "joining_veh_front_ret3",
				"type": "integer"
			},
			{
				"name": "$2",
				"type": "integer"
			},
			{
				"name": "$3",
				"type": "integer"
			},
			{
				"name": "joining_veh_sender1",
				"type": "integer"
			},
			{
				"name": "joining_veh_front1",
				"type": "integer"
			},
			{
				"name": "leaving_veh_sender1",
				"type": "integer"
			},
			{
				"name": "leaving_veh_front1",
				"type": "integer"
			},
			{
				"name": "back_vehicle1",
				"type": "integer"
			},
			{
				"name": "#8",
				"type": "time< urational >"
			},
			{
				"name": "#7",
				"type": "time< urational >"
			},
			{
				"name": "#6",
				"type": "time< urational >"
			},
			{
				"name": "#5",
				"type": "time< urational >"
			},
			{
				"name": "#4",
				"type": "time< urational >"
			},
			{
				"name": "#3",
				"type": "time< urational >"
			},
			{
				"name": "#2",
				"type": "time< urational >"
			},
			{
				"name": "#1",
				"type": "time< urational >"
			},
			{
				"name": "$delta#initial",
				"type": "time< urational >"
			},
			{
				"name": "$9",
				"type": "integer"
			},
			{
				"name": "$10",
				"type": "integer"
			},
			{
				"name": "$11",
				"type": "integer"
			},
			{
				"name": "$12",
				"type": "integer"
			},
			{
				"name": "$13",
				"type": "integer"
			},
			{
				"name": "$14",
				"type": "integer"
			},
			{
				"name": "$15",
				"type": "integer"
			},
			{
				"name": "$16",
				"type": "integer"
			},
			{
				"name": "$17",
				"type": "integer"
			},
			{
				"name": "$18",
				"type": "integer"
			},
			{
				"name": "$19",
				"type": "integer"
			},
			{
				"name": "$20",
				"type": "integer"
			},
			{
				"name": "$21",
				"type": "integer"
			},
			{
				"name": "$22",
				"type": "integer"
			},
			{
				"name": "$23",
				"type": "integer"
			},
			{
				"name": "$24",
				"type": "integer"
			},
			{
				"name": "$25",
				"type": "integer"
			},
			{
				"name": "$26",
				"type": "integer"
			},
			{
				"name": "$27",
				"type": "integer"
			},
			{
				"name": "$28",
				"type": "integer"
			},
			{
				"name": "$29",
				"type": "integer"
			},
			{
				"name": "$30",
				"type": "integer"
			},
			{
				"name": "$31",
				"type": "integer"
			},
			{
				"name": "$32",
				"type": "integer"
			},
			{
				"name": "$33",
				"type": "integer"
			},
			{
				"name": "$34",
				"type": "integer"
			},
			{
				"name": "$35",
				"type": "integer"
			},
			{
				"name": "$36",
				"type": "integer"
			},
			{
				"name": "$37",
				"type": "integer"
			},
			{
				"name": "$38",
				"type": "integer"
			},
			{
				"name": "$39",
				"type": "integer"
			},
			{
				"name": "$40",
				"type": "integer"
			},
			{
				"name": "$41",
				"type": "integer"
			},
			{
				"name": "$42",
				"type": "integer"
			},
			{
				"name": "$43",
				"type": "integer"
			},
			{
				"name": "$44",
				"type": "integer"
			},
			{
				"name": "$45",
				"type": "integer"
			},
			{
				"name": "$46",
				"type": "integer"
			},
			{
				"name": "$47",
				"type": "integer"
			},
			{
				"name": "$48",
				"type": "integer"
			},
			{
				"name": "$49",
				"type": "integer"
			},
			{
				"name": "$50",
				"type": "integer"
			},
			{
				"name": "$51",
				"type": "integer"
			},
			{
				"name": "$52",
				"type": "integer"
			},
			{
				"name": "$53",
				"type": "integer"
			},
			{
				"name": "$54",
				"type": "integer"
			},
			{
				"name": "$55",
				"type": "integer"
			},
			{
				"name": "$56",
				"type": "integer"
			},
			{
				"name": "$57",
				"type": "integer"
			},
			{
				"name": "$58",
				"type": "integer"
			},
			{
				"name": "$59",
				"type": "integer"
			},
			{
				"name": "$60",
				"type": "integer"
			},
			{
				"name": "$61",
				"type": "integer"
			},
			{
				"name": "$62",
				"type": "integer"
			},
			{
				"name": "$63",
				"type": "integer"
			},
			{
				"name": "$64",
				"type": "integer"
			},
			{
				"name": "$65",
				"type": "integer"
			},
			{
				"name": "$66",
				"type": "integer"
			},
			{
				"name": "$67",
				"type": "integer"
			},
			{
				"name": "$68",
				"type": "integer"
			},
			{
				"name": "$69",
				"type": "integer"
			},
			{
				"name": "$70",
				"type": "integer"
			},
			{
				"name": "$71",
				"type": "integer"
			},
			{
				"name": "$72",
				"type": "integer"
			}
		],

		"states": [
			{
				"name": "ec_1",
				"sut_state": "ec_1",
				"time_var": "cl",
				"transitions": [
					{
						"name": "tr_ec2_Join_r",

						"timed_guard": "(cl < TM)",

						"guard": "(exists< #8 : urational , $8 : integer , #7 : urational , joining_veh_front_ret7 : integer , #6 : urational , $6 : integer , $7 : integer , joining_veh_sender_ret5 : integer , #4 : urational , $4 : integer , #3 : urational , joining_veh_front_ret3 : integer , #2 : urational , $2 : integer , $3 : integer >((joining_veh_front_ret3 == joining_veh_front1) && (joining_veh_front_ret7 == joining_veh_front1) && (joining_veh_sender_ret5 == joining_veh_sender1) && ($8 == joining_veh_sender1) && ($2 == joining_veh_front1) && ($3 == AVAIL_SPACE) && ($4 == joining_veh_sender1) && ($6 == joining_veh_front1) && ($7 == NO_SPACE) && (#2 <= 0) && (#3 <= 25) && (#4 <= 0) && (#6 <= 0) && (#7 <= 25) && (#8 <= 0) && (#3 >= 15) && (#7 >= 15)) && (joining_veh_front1 != 0))",

						"action": {
							"nature": "STIMULATION",
							"port": "Join_r",
							"parameters": [
								"joining_veh_sender1",
								"joining_veh_front1"
							]
						},
						"next": "ec_2"
					},
					{
						"name": "tr_FAILout_Join_agr_c",

						"timed_guard": "(cl < TM)",

						"guard": "true",

						"action": {
							"nature": "OBSERVATION",
							"port": "Join_agr_c",
							"parameters": [
								"$9"
							]
						},
						"verdict": "FAIL_OUTPUT"
					},
					{
						"name": "tr_FAILout_Set_spacing_c",

						"timed_guard": "(cl < TM)",

						"guard": "true",

						"action": {
							"nature": "OBSERVATION",
							"port": "Set_spacing_c",
							"parameters": [
								"$10",
								"$11"
							]
						},
						"verdict": "FAIL_OUTPUT"
					},
					{
						"name": "tr_FAILout_Platoon_m_c",

						"timed_guard": "(cl < TM)",

						"guard": "true",

						"action": {
							"nature": "OBSERVATION",
							"port": "Platoon_m_c",
							"parameters": [
								"$12"
							]
						},
						"verdict": "FAIL_OUTPUT"
					},
					{
						"name": "tr_FAILout_Fail_to_join",

						"timed_guard": "(cl < TM)",

						"guard": "true",

						"action": {
							"nature": "OBSERVATION",
							"port": "Fail_to_join",
							"parameters": [
								"$13"
							]
						},
						"verdict": "FAIL_OUTPUT"
					},
					{
						"name": "tr_FAILout_Leave_agr_c",

						"timed_guard": "(cl < TM)",

						"guard": "true",

						"action": {
							"nature": "OBSERVATION",
							"port": "Leave_agr_c",
							"parameters": [
								"$14"
							]
						},
						"verdict": "FAIL_OUTPUT"
					},
					{
						"name": "tr_FAILout_Switch_steering",

						"timed_guard": "(cl < TM)",

						"guard": "true",

						"action": {
							"nature": "OBSERVATION",
							"port": "Switch_steering",
							"parameters": [
								"$15"
							]
						},
						"verdict": "FAIL_OUTPUT"
					},
					{
						"name": "tr_FAILout_No_platoon_m_c",

						"timed_guard": "(cl < TM)",

						"guard": "true",

						"action": {
							"nature": "OBSERVATION",
							"port": "No_platoon_m_c",
							"parameters": [
								"$16"
							]
						},
						"verdict": "FAIL_OUTPUT"
					},
					{
						"name": "tr_FAILout_Fail_to_leave",

						"timed_guard": "(cl < TM)",

						"guard": "true",

						"action": {
							"nature": "OBSERVATION",
							"port": "Fail_to_leave",
							"parameters": [
								"$17"
							]
						},
						"verdict": "FAIL_OUTPUT"
					},
					{
						"name": "tr_INCdur_Quiescence",

						"timed_guard": "(cl >= TM)",

						"guard": "true",

						"action": {
							"nature": "QUIESCENCE",
							"port": "Quiescence"
						},
						"verdict": "INCONCLUSIVE_DURATION"
					}
				]
			},
			{
				"name": "ec_2",
				"sut_state": "ec_2",
				"time_var": "#2",
				"transitions": [
					{
						"name": "tr_ec5_Set_spacing_c",

						"timed_guard": "((#2 == cl) && (cl < TM))",

						"guard": "(($2 == joining_veh_front1) && ($3 == AVAIL_SPACE) && (#2 <= 0))",

						"action": {
							"nature": "OBSERVATION",
							"port": "Set_spacing_c",
							"parameters": [
								"$2",
								"$3"
							]
						},
						"next": "ec_5"
					},
					{
						"name": "tr_FAILout_Set_spacing_c",

						"timed_guard": "((#2 == cl) && (cl < TM))",

						"guard": "(($2 != joining_veh_front1) || ($3 != AVAIL_SPACE) || (#2 > 0))",

						"action": {
							"nature": "OBSERVATION",
							"port": "Set_spacing_c",
							"parameters": [
								"$2",
								"$3"
							]
						},
						"verdict": "FAIL_OUTPUT"
					},
					{
						"name": "tr_FAILout_Join_agr_c",

						"timed_guard": "(cl < TM)",

						"guard": "true",

						"action": {
							"nature": "OBSERVATION",
							"port": "Join_agr_c"
						},
						"verdict": "FAIL_OUTPUT"
					},
					{
						"name": "tr_FAILout_Platoon_m_c",

						"timed_guard": "(cl < TM)",

						"guard": "true",

						"action": {
							"nature": "OBSERVATION",
							"port": "Platoon_m_c",
							"parameters": [
								"$18"
							]
						},
						"verdict": "FAIL_OUTPUT"
					},
					{
						"name": "tr_FAILout_Fail_to_join",

						"timed_guard": "(cl < TM)",

						"guard": "true",

						"action": {
							"nature": "OBSERVATION",
							"port": "Fail_to_join",
							"parameters": [
								"$19"
							]
						},
						"verdict": "FAIL_OUTPUT"
					},
					{
						"name": "tr_FAILout_Leave_agr_c",

						"timed_guard": "(cl < TM)",

						"guard": "true",

						"action": {
							"nature": "OBSERVATION",
							"port": "Leave_agr_c",
							"parameters": [
								"$20"
							]
						},
						"verdict": "FAIL_OUTPUT"
					},
					{
						"name": "tr_FAILout_Switch_steering",

						"timed_guard": "(cl < TM)",

						"guard": "true",

						"action": {
							"nature": "OBSERVATION",
							"port": "Switch_steering",
							"parameters": [
								"$21"
							]
						},
						"verdict": "FAIL_OUTPUT"
					},
					{
						"name": "tr_FAILout_No_platoon_m_c",

						"timed_guard": "(cl < TM)",

						"guard": "true",

						"action": {
							"nature": "OBSERVATION",
							"port": "No_platoon_m_c",
							"parameters": [
								"$22"
							]
						},
						"verdict": "FAIL_OUTPUT"
					},
					{
						"name": "tr_FAILout_Fail_to_leave",

						"timed_guard": "(cl < TM)",

						"guard": "true",

						"action": {
							"nature": "OBSERVATION",
							"port": "Fail_to_leave",
							"parameters": [
								"$23"
							]
						},
						"verdict": "FAIL_OUTPUT"
					},
					{
						"name": "tr_INCdur_Quiescence",

						"timed_guard": "((#2 == cl) && (cl >= TM))",

						"guard": "(forall< #2 : urational >(($2 != joining_veh_front1) || ($3 != AVAIL_SPACE) || (joining_veh_front1 == 0) || (#2 > 0)) || (exists< # : urational , $2 : integer , $3 : integer >(($2 == joining_veh_front1) && ($3 == AVAIL_SPACE) && (#2 < #) && (# <= 0)) && (joining_veh_front1 != 0)))",

						"action": {
							"nature": "QUIESCENCE",
							"port": "Quiescence"
						},
						"verdict": "INCONCLUSIVE_DURATION"
					},
					{
						"name": "tr_FAILdur_Quiescence",

						"timed_guard": "((#2 == cl) && (cl >= TM))",

						"guard": "(exists< #2 : urational >(($2 == joining_veh_front1) && ($3 == AVAIL_SPACE) && (joining_veh_front1 != 0) && (#2 <= 0)) && (forall< # : urational , $2 : integer , $3 : integer >(($2 != joining_veh_front1) || ($3 != AVAIL_SPACE) || (#2 >= #) || (# > 0)) || (joining_veh_front1 == 0)))",

						"action": {
							"nature": "QUIESCENCE",
							"port": "Quiescence"
						},
						"verdict": "FAIL_DURATION"
					}
				]
			},
			{
				"name": "ec_5",
				"sut_state": "ec_5",
				"time_var": "#3",
				"transitions": [
					{
						"name": "tr_ec6_Set_spacing_from",

						"timed_guard": "((#3 == cl) && (cl < TM))",

						"guard": "(exists< #8 : urational , $8 : integer , #7 : urational , joining_veh_front_ret7 : integer , #6 : urational , $6 : integer , $7 : integer , joining_veh_sender_ret5 : integer , #4 : urational , $4 : integer >((joining_veh_front_ret7 == joining_veh_front1) && (joining_veh_sender_ret5 == joining_veh_sender1) && ($8 == joining_veh_sender1) && ($4 == joining_veh_sender1) && ($6 == joining_veh_front1) && ($7 == NO_SPACE) && (#4 <= 0) && (#6 <= 0) && (#7 <= 25) && (#8 <= 0) && (#7 >= 15)) && (joining_veh_front_ret3 == joining_veh_front1) && (#3 <= 25) && (#3 >= 15))",

						"action": {
							"nature": "STIMULATION",
							"port": "Set_spacing_from",
							"parameters": [
								"joining_veh_front_ret3"
							]
						},
						"next": "ec_6"
					},
					{
						"name": "tr_FAILout_Join_agr_c",

						"timed_guard": "(cl < TM)",

						"guard": "true",

						"action": {
							"nature": "OBSERVATION",
							"port": "Join_agr_c",
							"parameters": [
								"$24"
							]
						},
						"verdict": "FAIL_OUTPUT"
					},
					{
						"name": "tr_FAILout_Set_spacing_c",

						"timed_guard": "(cl < TM)",

						"guard": "true",

						"action": {
							"nature": "OBSERVATION",
							"port": "Set_spacing_c",
							"parameters": [
								"$25",
								"$26"
							]
						},
						"verdict": "FAIL_OUTPUT"
					},
					{
						"name": "tr_FAILout_Platoon_m_c",

						"timed_guard": "(cl < TM)",

						"guard": "true",

						"action": {
							"nature": "OBSERVATION",
							"port": "Platoon_m_c",
							"parameters": [
								"$27"
							]
						},
						"verdict": "FAIL_OUTPUT"
					},
					{
						"name": "tr_FAILout_Fail_to_join",

						"timed_guard": "(cl < TM)",

						"guard": "true",

						"action": {
							"nature": "OBSERVATION",
							"port": "Fail_to_join",
							"parameters": [
								"$28"
							]
						},
						"verdict": "FAIL_OUTPUT"
					},
					{
						"name": "tr_FAILout_Leave_agr_c",

						"timed_guard": "(cl < TM)",

						"guard": "true",

						"action": {
							"nature": "OBSERVATION",
							"port": "Leave_agr_c",
							"parameters": [
								"$29"
							]
						},
						"verdict": "FAIL_OUTPUT"
					},
					{
						"name": "tr_FAILout_Switch_steering",

						"timed_guard": "(cl < TM)",

						"guard": "true",

						"action": {
							"nature": "OBSERVATION",
							"port": "Switch_steering",
							"parameters": [
								"$30"
							]
						},
						"verdict": "FAIL_OUTPUT"
					},
					{
						"name": "tr_FAILout_No_platoon_m_c",

						"timed_guard": "(cl < TM)",

						"guard": "true",

						"action": {
							"nature": "OBSERVATION",
							"port": "No_platoon_m_c",
							"parameters": [
								"$31"
							]
						},
						"verdict": "FAIL_OUTPUT"
					},
					{
						"name": "tr_FAILout_Fail_to_leave",

						"timed_guard": "(cl < TM)",

						"guard": "true",

						"action": {
							"nature": "OBSERVATION",
							"port": "Fail_to_leave",
							"parameters": [
								"$32"
							]
						},
						"verdict": "FAIL_OUTPUT"
					},
					{
						"name": "tr_INCdur_Quiescence",

						"timed_guard": "(cl >= TM)",

						"guard": "true",

						"action": {
							"nature": "QUIESCENCE",
							"port": "Quiescence"
						},
						"verdict": "INCONCLUSIVE_DURATION"
					}
				]
			},
			{
				"name": "ec_6",
				"sut_state": "ec_6",
				"time_var": "#4",
				"transitions": [
					{
						"name": "tr_ec7_Join_agr_c",

						"timed_guard": "((#4 == cl) && (cl < TM))",

						"guard": "(($4 == joining_veh_sender1) && (#4 <= 0))",

						"action": {
							"nature": "OBSERVATION",
							"port": "Join_agr_c",
							"parameters": [
								"$4"
							]
						},
						"next": "ec_7"
					},
					{
						"name": "tr_FAILout_Join_agr_c",

						"timed_guard": "((#4 == cl) && (cl < TM))",

						"guard": "(($4 != joining_veh_sender1) || (#4 > 0))",

						"action": {
							"nature": "OBSERVATION",
							"port": "Join_agr_c",
							"parameters": [
								"$4"
							]
						},
						"verdict": "FAIL_OUTPUT"
					},
					{
						"name": "tr_FAILout_Set_spacing_c",

						"timed_guard": "(cl < TM)",

						"guard": "true",

						"action": {
							"nature": "OBSERVATION",
							"port": "Set_spacing_c",
							"parameters": [
								"$33",
								"$34"
							]
						},
						"verdict": "FAIL_OUTPUT"
					},
					{
						"name": "tr_FAILout_Platoon_m_c",

						"timed_guard": "(cl < TM)",

						"guard": "true",

						"action": {
							"nature": "OBSERVATION",
							"port": "Platoon_m_c",
							"parameters": [
								"$35"
							]
						},
						"verdict": "FAIL_OUTPUT"
					},
					{
						"name": "tr_FAILout_Fail_to_join",

						"timed_guard": "(cl < TM)",

						"guard": "true",

						"action": {
							"nature": "OBSERVATION",
							"port": "Fail_to_join",
							"parameters": [
								"$36"
							]
						},
						"verdict": "FAIL_OUTPUT"
					},
					{
						"name": "tr_FAILout_Leave_agr_c",

						"timed_guard": "(cl < TM)",

						"guard": "true",

						"action": {
							"nature": "OBSERVATION",
							"port": "Leave_agr_c",
							"parameters": [
								"$37"
							]
						},
						"verdict": "FAIL_OUTPUT"
					},
					{
						"name": "tr_FAILout_Switch_steering",

						"timed_guard": "(cl < TM)",

						"guard": "true",

						"action": {
							"nature": "OBSERVATION",
							"port": "Switch_steering",
							"parameters": [
								"$38"
							]
						},
						"verdict": "FAIL_OUTPUT"
					},
					{
						"name": "tr_FAILout_No_platoon_m_c",

						"timed_guard": "(cl < TM)",

						"guard": "true",

						"action": {
							"nature": "OBSERVATION",
							"port": "No_platoon_m_c",
							"parameters": [
								"$39"
							]
						},
						"verdict": "FAIL_OUTPUT"
					},
					{
						"name": "tr_FAILout_Fail_to_leave",

						"timed_guard": "(cl < TM)",

						"guard": "true",

						"action": {
							"nature": "OBSERVATION",
							"port": "Fail_to_leave",
							"parameters": [
								"$40"
							]
						},
						"verdict": "FAIL_OUTPUT"
					},
					{
						"name": "tr_INCdur_Quiescence",

						"timed_guard": "((#4 == cl) && (cl >= TM))",

						"guard": "(exists< # : urational , $4 : integer >(($4 == joining_veh_sender1) && (#4 < #) && (# <= 0)) || forall< #4 : urational >(($4 != joining_veh_sender1) || (#4 > 0)))",

						"action": {
							"nature": "QUIESCENCE",
							"port": "Quiescence"
						},
						"verdict": "INCONCLUSIVE_DURATION"
					},
					{
						"name": "tr_FAILdur_Quiescence",

						"timed_guard": "((#4 == cl) && (cl >= TM))",

						"guard": "(exists< #4 : urational >(($4 == joining_veh_sender1) && (#4 <= 0)) && forall< # : urational , $4 : integer >(($4 != joining_veh_sender1) || (#4 >= #) || (# > 0)))",

						"action": {
							"nature": "QUIESCENCE",
							"port": "Quiescence"
						},
						"verdict": "FAIL_DURATION"
					}
				]
			},
			{
				"name": "ec_7",
				"sut_state": "ec_7",
				"time_var": "cl",
				"transitions": [
					{
						"name": "tr_ec8_Join_suc",

						"timed_guard": "(cl < TM)",

						"guard": "(exists< #8 : urational , $8 : integer , #7 : urational , joining_veh_front_ret7 : integer , #6 : urational , $6 : integer , $7 : integer >((joining_veh_front_ret7 == joining_veh_front1) && ($8 == joining_veh_sender1) && ($6 == joining_veh_front1) && ($7 == NO_SPACE) && (#6 <= 0) && (#7 <= 25) && (#8 <= 0) && (#7 >= 15)) && (joining_veh_sender_ret5 == joining_veh_sender1))",

						"action": {
							"nature": "STIMULATION",
							"port": "Join_suc",
							"parameters": [
								"joining_veh_sender_ret5"
							]
						},
						"next": "ec_8"
					},
					{
						"name": "tr_INCout_Fail_to_join",

						"timed_guard": "((#5 == cl) && (cl < TM))",

						"guard": "(($5 == joining_veh_sender1) && ((#3 + #4 + #5) >= 67))",

						"action": {
							"nature": "OBSERVATION",
							"port": "Fail_to_join",
							"parameters": [
								"$5"
							]
						},
						"verdict": "INCONCLUSIVE_OUTPUT"
					},
					{
						"name": "tr_FAILout_Fail_to_join",

						"timed_guard": "((#5 == cl) && (cl < TM))",

						"guard": "(($5 != joining_veh_sender1) || ((#3 + #4 + #5) < 67))",

						"action": {
							"nature": "OBSERVATION",
							"port": "Fail_to_join",
							"parameters": [
								"$5"
							]
						},
						"verdict": "FAIL_OUTPUT"
					},
					{
						"name": "tr_FAILout_Join_agr_c",

						"timed_guard": "(cl < TM)",

						"guard": "true",

						"action": {
							"nature": "OBSERVATION",
							"port": "Join_agr_c",
							"parameters": [
								"$41"
							]
						},
						"verdict": "FAIL_OUTPUT"
					},
					{
						"name": "tr_FAILout_Set_spacing_c",

						"timed_guard": "(cl < TM)",

						"guard": "true",

						"action": {
							"nature": "OBSERVATION",
							"port": "Set_spacing_c",
							"parameters": [
								"$42",
								"$43"
							]
						},
						"verdict": "FAIL_OUTPUT"
					},
					{
						"name": "tr_FAILout_Platoon_m_c",

						"timed_guard": "(cl < TM)",

						"guard": "true",

						"action": {
							"nature": "OBSERVATION",
							"port": "Platoon_m_c",
							"parameters": [
								"$44"
							]
						},
						"verdict": "FAIL_OUTPUT"
					},
					{
						"name": "tr_FAILout_Leave_agr_c",

						"timed_guard": "(cl < TM)",

						"guard": "true",

						"action": {
							"nature": "OBSERVATION",
							"port": "Leave_agr_c",
							"parameters": [
								"$45"
							]
						},
						"verdict": "FAIL_OUTPUT"
					},
					{
						"name": "tr_FAILout_Switch_steering",

						"timed_guard": "(cl < TM)",

						"guard": "true",

						"action": {
							"nature": "OBSERVATION",
							"port": "Switch_steering",
							"parameters": [
								"$46"
							]
						},
						"verdict": "FAIL_OUTPUT"
					},
					{
						"name": "tr_FAILout_No_platoon_m_c",

						"timed_guard": "(cl < TM)",

						"guard": "true",

						"action": {
							"nature": "OBSERVATION",
							"port": "No_platoon_m_c",
							"parameters": [
								"$47"
							]
						},
						"verdict": "FAIL_OUTPUT"
					},
					{
						"name": "tr_FAILout_Fail_to_leave",

						"timed_guard": "(cl < TM)",

						"guard": "true",

						"action": {
							"nature": "OBSERVATION",
							"port": "Fail_to_leave",
							"parameters": [
								"$48"
							]
						},
						"verdict": "FAIL_OUTPUT"
					},
					{
						"name": "tr_INCdur_Quiescence",

						"timed_guard": "((#5 == cl) && (cl >= TM))",

						"guard": "exists< # : urational , $5 : integer >(($5 == joining_veh_sender1) && (#5 < #) && ((#3 + #4 + #) >= 67))",

						"action": {
							"nature": "QUIESCENCE",
							"port": "Quiescence"
						},
						"verdict": "INCONCLUSIVE_DURATION"
					},
					{
						"name": "tr_FAILdur_Quiescence",

						"timed_guard": "((#5 == cl) && (cl >= TM))",

						"guard": "forall< # : urational , $5 : integer >(($5 != joining_veh_sender1) || (#5 >= #) || ((#3 + #4 + #) < 67))",

						"action": {
							"nature": "QUIESCENCE",
							"port": "Quiescence"
						},
						"verdict": "FAIL_DURATION"
					}
				]
			},
			{
				"name": "ec_8",
				"sut_state": "ec_8",
				"time_var": "#6",
				"transitions": [
					{
						"name": "tr_ec10_Set_spacing_c",

						"timed_guard": "((#6 == cl) && (cl < TM))",

						"guard": "(($6 == joining_veh_front1) && ($7 == NO_SPACE) && (#6 <= 0))",

						"action": {
							"nature": "OBSERVATION",
							"port": "Set_spacing_c",
							"parameters": [
								"$6",
								"$7"
							]
						},
						"next": "ec_10"
					},
					{
						"name": "tr_FAILout_Set_spacing_c",

						"timed_guard": "((#6 == cl) && (cl < TM))",

						"guard": "(($6 != joining_veh_front1) || ($7 != NO_SPACE) || (#6 > 0))",

						"action": {
							"nature": "OBSERVATION",
							"port": "Set_spacing_c",
							"parameters": [
								"$6",
								"$7"
							]
						},
						"verdict": "FAIL_OUTPUT"
					},
					{
						"name": "tr_FAILout_Join_agr_c",

						"timed_guard": "(cl < TM)",

						"guard": "true",

						"action": {
							"nature": "OBSERVATION",
							"port": "Join_agr_c",
							"parameters": [
								"$49"
							]
						},
						"verdict": "FAIL_OUTPUT"
					},
					{
						"name": "tr_FAILout_Platoon_m_c",

						"timed_guard": "(cl < TM)",

						"guard": "true",

						"action": {
							"nature": "OBSERVATION",
							"port": "Platoon_m_c",
							"parameters": [
								"$50"
							]
						},
						"verdict": "FAIL_OUTPUT"
					},
					{
						"name": "tr_FAILout_Fail_to_join",

						"timed_guard": "(cl < TM)",

						"guard": "true",

						"action": {
							"nature": "OBSERVATION",
							"port": "Fail_to_join",
							"parameters": [
								"$51"
							]
						},
						"verdict": "FAIL_OUTPUT"
					},
					{
						"name": "tr_FAILout_Leave_agr_c",

						"timed_guard": "(cl < TM)",

						"guard": "true",

						"action": {
							"nature": "OBSERVATION",
							"port": "Leave_agr_c",
							"parameters": [
								"$52"
							]
						},
						"verdict": "FAIL_OUTPUT"
					},
					{
						"name": "tr_FAILout_Switch_steering",

						"timed_guard": "(cl < TM)",

						"guard": "true",

						"action": {
							"nature": "OBSERVATION",
							"port": "Switch_steering",
							"parameters": [
								"$53"
							]
						},
						"verdict": "FAIL_OUTPUT"
					},
					{
						"name": "tr_FAILout_No_platoon_m_c",

						"timed_guard": "(cl < TM)",

						"guard": "true",

						"action": {
							"nature": "OBSERVATION",
							"port": "No_platoon_m_c",
							"parameters": [
								"$54"
							]
						},
						"verdict": "FAIL_OUTPUT"
					},
					{
						"name": "tr_FAILout_Fail_to_leave",

						"timed_guard": "(cl < TM)",

						"guard": "true",

						"action": {
							"nature": "OBSERVATION",
							"port": "Fail_to_leave",
							"parameters": [
								"$55"
							]
						},
						"verdict": "FAIL_OUTPUT"
					},
					{
						"name": "tr_INCdur_Quiescence",

						"timed_guard": "((#6 == cl) && (cl >= TM))",

						"guard": "(forall< #6 : urational >(($6 != joining_veh_front1) || ($7 != NO_SPACE) || (joining_veh_front1 == 0) || (#6 > 0)) || (exists< # : urational , $6 : integer , $7 : integer >(($6 == joining_veh_front1) && ($7 == NO_SPACE) && (#6 < #) && (# <= 0)) && (joining_veh_front1 != 0)))",

						"action": {
							"nature": "QUIESCENCE",
							"port": "Quiescence"
						},
						"verdict": "INCONCLUSIVE_DURATION"
					},
					{
						"name": "tr_FAILdur_Quiescence",

						"timed_guard": "((#6 == cl) && (cl >= TM))",

						"guard": "(exists< #6 : urational >(($6 == joining_veh_front1) && ($7 == NO_SPACE) && (joining_veh_front1 != 0) && (#6 <= 0)) && (forall< # : urational , $6 : integer , $7 : integer >(($6 != joining_veh_front1) || ($7 != NO_SPACE) || (#6 >= #) || (# > 0)) || (joining_veh_front1 == 0)))",

						"action": {
							"nature": "QUIESCENCE",
							"port": "Quiescence"
						},
						"verdict": "FAIL_DURATION"
					}
				]
			},
			{
				"name": "ec_10",
				"sut_state": "ec_10",
				"time_var": "#7",
				"transitions": [
					{
						"name": "tr_ec11_Set_spacing_from",

						"timed_guard": "((#7 == cl) && (cl < TM))",

						"guard": "(exists< #8 : urational , $8 : integer >(($8 == joining_veh_sender1) && (#8 <= 0)) && (joining_veh_front_ret7 == joining_veh_front1) && (#7 <= 25) && (#7 >= 15))",

						"action": {
							"nature": "STIMULATION",
							"port": "Set_spacing_from",
							"parameters": [
								"joining_veh_front_ret7"
							]
						},
						"next": "ec_11"
					},
					{
						"name": "tr_FAILout_Join_agr_c",

						"timed_guard": "(cl < TM)",

						"guard": "true",

						"action": {
							"nature": "OBSERVATION",
							"port": "Join_agr_c",
							"parameters": [
								"$56"
							]
						},
						"verdict": "FAIL_OUTPUT"
					},
					{
						"name": "tr_FAILout_Set_spacing_c",

						"timed_guard": "(cl < TM)",

						"guard": "true",

						"action": {
							"nature": "OBSERVATION",
							"port": "Set_spacing_c",
							"parameters": [
								"$57",
								"$58"
							]
						},
						"verdict": "FAIL_OUTPUT"
					},
					{
						"name": "tr_FAILout_Platoon_m_c",

						"timed_guard": "(cl < TM)",

						"guard": "true",

						"action": {
							"nature": "OBSERVATION",
							"port": "Platoon_m_c",
							"parameters": [
								"$59"
							]
						},
						"verdict": "FAIL_OUTPUT"
					},
					{
						"name": "tr_FAILout_Fail_to_join",

						"timed_guard": "(cl < TM)",

						"guard": "true",

						"action": {
							"nature": "OBSERVATION",
							"port": "Fail_to_join",
							"parameters": [
								"$60"
							]
						},
						"verdict": "FAIL_OUTPUT"
					},
					{
						"name": "tr_FAILout_Leave_agr_c",

						"timed_guard": "(cl < TM)",

						"guard": "true",

						"action": {
							"nature": "OBSERVATION",
							"port": "Leave_agr_c",
							"parameters": [
								"$61"
							]
						},
						"verdict": "FAIL_OUTPUT"
					},
					{
						"name": "tr_FAILout_Switch_steering",

						"timed_guard": "(cl < TM)",

						"guard": "true",

						"action": {
							"nature": "OBSERVATION",
							"port": "Switch_steering",
							"parameters": [
								"$62"
							]
						},
						"verdict": "FAIL_OUTPUT"
					},
					{
						"name": "tr_FAILout_No_platoon_m_c",

						"timed_guard": "(cl < TM)",

						"guard": "true",

						"action": {
							"nature": "OBSERVATION",
							"port": "No_platoon_m_c",
							"parameters": [
								"$63"
							]
						},
						"verdict": "FAIL_OUTPUT"
					},
					{
						"name": "tr_FAILout_Fail_to_leave",

						"timed_guard": "(cl < TM)",

						"guard": "true",

						"action": {
							"nature": "OBSERVATION",
							"port": "Fail_to_leave",
							"parameters": [
								"$64"
							]
						},
						"verdict": "FAIL_OUTPUT"
					},
					{
						"name": "tr_INCdur_Quiescence",

						"timed_guard": "(cl >= TM)",

						"guard": "true",

						"action": {
							"nature": "QUIESCENCE",
							"port": "Quiescence"
						},
						"verdict": "INCONCLUSIVE_DURATION"
					}
				]
			},
			{
				"name": "ec_11",
				"sut_state": "ec_11",
				"time_var": "#8",
				"transitions": [
					{
						"name": "tr_PASS_Platoon_m_c",

						"timed_guard": "((#8 == cl) && (cl < TM))",

						"guard": "(($8 == joining_veh_sender1) && (#8 <= 0))",

						"action": {
							"nature": "OBSERVATION",
							"port": "Platoon_m_c",
							"parameters": [
								"$8"
							]
						},
						"verdict": "PASS"
					},
					{
						"name": "tr_FAILout_Platoon_m_c",

						"timed_guard": "((#8 == cl) && (cl < TM))",

						"guard": "(($8 != joining_veh_sender1) || (#8 > 0))",

						"action": {
							"nature": "OBSERVATION",
							"port": "Platoon_m_c",
							"parameters": [
								"$8"
							]
						},
						"verdict": "FAIL_OUTPUT"
					},
					{
						"name": "tr_FAILout_Join_agr_c",

						"timed_guard": "(cl < TM)",

						"guard": "true",

						"action": {
							"nature": "OBSERVATION",
							"port": "Join_agr_c",
							"parameters": [
								"$65"
							]
						},
						"verdict": "FAIL_OUTPUT"
					},
					{
						"name": "tr_FAILout_Set_spacing_c",

						"timed_guard": "(cl < TM)",

						"guard": "true",

						"action": {
							"nature": "OBSERVATION",
							"port": "Set_spacing_c",
							"parameters": [
								"$66",
								"$67"
							]
						},
						"verdict": "FAIL_OUTPUT"
					},
					{
						"name": "tr_FAILout_Fail_to_join",

						"timed_guard": "(cl < TM)",

						"guard": "true",

						"action": {
							"nature": "OBSERVATION",
							"port": "Fail_to_join",
							"parameters": [
								"$68"
							]
						},
						"verdict": "FAIL_OUTPUT"
					},
					{
						"name": "tr_FAILout_Leave_agr_c",

						"timed_guard": "(cl < TM)",

						"guard": "true",

						"action": {
							"nature": "OBSERVATION",
							"port": "Leave_agr_c",
							"parameters": [
								"$69"
							]
						},
						"verdict": "FAIL_OUTPUT"
					},
					{
						"name": "tr_FAILout_Switch_steering",

						"timed_guard": "(cl < TM)",

						"guard": "true",

						"action": {
							"nature": "OBSERVATION",
							"port": "Switch_steering",
							"parameters": [
								"$70"
							]
						},
						"verdict": "FAIL_OUTPUT"
					},
					{
						"name": "tr_FAILout_No_platoon_m_c",

						"timed_guard": "(cl < TM)",

						"guard": "true",

						"action": {
							"nature": "OBSERVATION",
							"port": "No_platoon_m_c",
							"parameters": [
								"$71"
							]
						},
						"verdict": "FAIL_OUTPUT"
					},
					{
						"name": "tr_FAILout_Fail_to_leave",

						"timed_guard": "(cl < TM)",

						"guard": "true",

						"action": {
							"nature": "OBSERVATION",
							"port": "Fail_to_leave",
							"parameters": [
								"$72"
							]
						},
						"verdict": "FAIL_OUTPUT"
					},
					{
						"name": "tr_INCdur_Quiescence",

						"timed_guard": "((#8 == cl) && (cl >= TM))",

						"guard": "(exists< # : urational , $8 : integer >(($8 == joining_veh_sender1) && (#8 < #) && (# <= 0)) || forall< #8 : urational >(($8 != joining_veh_sender1) || (#8 > 0)))",

						"action": {
							"nature": "QUIESCENCE",
							"port": "Quiescence"
						},
						"verdict": "INCONCLUSIVE_DURATION"
					},
					{
						"name": "tr_FAILdur_Quiescence",

						"timed_guard": "((#8 == cl) && (cl >= TM))",

						"guard": "(exists< #8 : urational >(($8 == joining_veh_sender1) && (#8 <= 0)) && forall< # : urational , $8 : integer >(($8 != joining_veh_sender1) || (#8 >= #) || (# > 0)))",

						"action": {
							"nature": "QUIESCENCE",
							"port": "Quiescence"
						},
						"verdict": "FAIL_DURATION"
					}
				]
			}
		]

	}
}
