{
	"manifest": {
		"version": 0.1,
		"description": "Generated testcase definition in JSON Format using SMT formulas, types, ...",
		"service": "Testcase Specification (ready for the Z3 SMT solver)",
		"generatedDate": "Thu Oct 30 19:45:30 2025"
	},

	"SUT": {
		"output_ports": [
			{
				"name": "NoInvasionDetected"
			},
			{
				"name": "ReactivateAlarmSystem"
			},
			{
				"name": "TriggerWindowBreakingAlarm",
				"parameters": [
					{
						"name": "windowNumber",
						"type": "Int"
					}
				]
			},
			{
				"name": "TriggerDoorOpeningAlarm",
				"parameters": [
					{
						"name": "doorNumber",
						"type": "Int"
					}
				]
			},
			{
				"name": "TriggerRoomMovementAlarm",
				"parameters": [
					{
						"name": "movSensorNumber",
						"type": "Int"
					}
				]
			},
			{
				"name": "Error"
			},
			{
				"name": "CallPolice",
				"parameters": [
					{
						"name": "roomNumber",
						"type": "Int"
					}
				]
			},
			{
				"name": "TurnOnLights",
				"parameters": [
					{
						"name": "roomNumber",
						"type": "Int"
					}
				]
			},
			{
				"name": "TransferToBackupPower"
			}
		],
		"input_ports": [
			{
				"name": "VerifyInvasion",
				"parameters": [
					{
						"name": "roomNumber",
						"type": "Int"
					},
					{
						"name": "invType",
						"type": "Int"
					}
				]
			},
			{
				"name": "Interrupt",
				"parameters": [
					{
						"name": "intCode",
						"type": "Int"
					}
				]
			},
			{
				"name": "PowerFailInterrupt"
			}
		],
		"uncontrollable_input_ports": [
		]
	},

	"TESTCASE": {
		"variables": [
			{
				"name": "TM",
				"type": "Real"
			},
			{
				"name": "cl",
				"type": "Real"
			},
			{
				"name": "intCode5",
				"type": "Int"
			},
			{
				"name": "$5",
				"type": "Int"
			},
			{
				"name": "intCode4",
				"type": "Int"
			},
			{
				"name": "$4",
				"type": "Int"
			},
			{
				"name": "intCode3",
				"type": "Int"
			},
			{
				"name": "$1",
				"type": "Int"
			},
			{
				"name": "roomNumber1",
				"type": "Int"
			},
			{
				"name": "invType1",
				"type": "Int"
			},
			{
				"name": "intCode1",
				"type": "Int"
			},
			{
				"name": "#8",
				"type": "Real"
			},
			{
				"name": "#7",
				"type": "Real"
			},
			{
				"name": "#6",
				"type": "Real"
			},
			{
				"name": "#5",
				"type": "Real"
			},
			{
				"name": "#4",
				"type": "Real"
			},
			{
				"name": "#3",
				"type": "Real"
			},
			{
				"name": "#2",
				"type": "Real"
			},
			{
				"name": "#1",
				"type": "Real"
			},
			{
				"name": "$delta#initial",
				"type": "Real"
			},
			{
				"name": "$6",
				"type": "Int"
			},
			{
				"name": "$7",
				"type": "Int"
			},
			{
				"name": "$8",
				"type": "Int"
			},
			{
				"name": "$9",
				"type": "Int"
			},
			{
				"name": "$10",
				"type": "Int"
			},
			{
				"name": "$11",
				"type": "Int"
			},
			{
				"name": "$12",
				"type": "Int"
			},
			{
				"name": "$13",
				"type": "Int"
			},
			{
				"name": "$14",
				"type": "Int"
			},
			{
				"name": "$15",
				"type": "Int"
			},
			{
				"name": "$16",
				"type": "Int"
			},
			{
				"name": "$17",
				"type": "Int"
			},
			{
				"name": "$18",
				"type": "Int"
			},
			{
				"name": "$19",
				"type": "Int"
			},
			{
				"name": "$20",
				"type": "Int"
			},
			{
				"name": "$21",
				"type": "Int"
			},
			{
				"name": "$22",
				"type": "Int"
			},
			{
				"name": "$23",
				"type": "Int"
			},
			{
				"name": "$24",
				"type": "Int"
			},
			{
				"name": "$25",
				"type": "Int"
			},
			{
				"name": "$26",
				"type": "Int"
			},
			{
				"name": "$27",
				"type": "Int"
			},
			{
				"name": "$28",
				"type": "Int"
			},
			{
				"name": "$29",
				"type": "Int"
			},
			{
				"name": "$30",
				"type": "Int"
			},
			{
				"name": "$31",
				"type": "Int"
			},
			{
				"name": "$32",
				"type": "Int"
			},
			{
				"name": "$33",
				"type": "Int"
			},
			{
				"name": "$34",
				"type": "Int"
			},
			{
				"name": "$35",
				"type": "Int"
			},
			{
				"name": "$36",
				"type": "Int"
			},
			{
				"name": "$37",
				"type": "Int"
			},
			{
				"name": "$38",
				"type": "Int"
			},
			{
				"name": "$39",
				"type": "Int"
			},
			{
				"name": "$40",
				"type": "Int"
			}
		],

		"states": [
			{
				"name": "ec_1",
				"sut_state": "ec_1",
				"time_var": "cl",
				"transitions": [
					{
						"name": "tr_ec2_VerifyInvasion",

						"timed_guard": "(declare-const cl Real)(assert (<= 0 cl))(declare-const TM Real)(assert (< 0 TM))(assert  (< cl TM))",

						"guard": "(declare-const intCode5 Int)(assert (<= 0 intCode5))(declare-const $1 Int)(assert (<= 0 $1))(declare-const invType1 Int)(assert (<= 0 invType1))(declare-const $4 Int)(assert (<= 0 $4))(declare-const roomNumber1 Int)(assert (<= 0 roomNumber1))(declare-const $5 Int)(assert (<= 0 $5))(declare-const #7 Real)(assert (<= 0 #7))(declare-const #8 Real)(assert (<= 0 #8))(declare-const #2 Real)(assert (<= 0 #2))(declare-const #3 Real)(assert (<= 0 #3))(declare-const #4 Real)(assert (<= 0 #4))(assert  (and (exists ( (#8 Real) (#7 Real) (intCode5 Int) (#4 Real) ($5 Int) (#3 Real) ($4 Int) (#2 Real) ($1 Int) ) (and (<= 0 #8) (<= 0 #7) (<= 0 intCode5) (<= 0 #4) (<= 0 $5) (<= 0 #3) (<= 0 $4) (<= 0 #2) (<= 0 $1)  (and (= intCode5 5) (= $1 invType1) (= $4 roomNumber1) (= $5 roomNumber1) (<= (+ #7 #8) 50) (<= #2 500) (<= #3 4000) (<= #4 500) (<= #7 50) ) ) ) (<= 0 (+ invType1 -1)) (<= invType1 50) ))",

						"action": {
							"nature": "STIMULATION",
							"port": "VerifyInvasion",
							"parameters": [
								"roomNumber1",
								"invType1"
							]
						},
						"next": "ec_2"
					},
					{
						"name": "tr_FAILout_NoInvasionDetected",

						"timed_guard": "(declare-const cl Real)(assert (<= 0 cl))(declare-const TM Real)(assert (< 0 TM))(assert  (< cl TM))",

						"guard": "(assert  true)",

						"action": {
							"nature": "OBSERVATION",
							"port": "NoInvasionDetected"
						},
						"verdict": "FAIL_OUTPUT"
					},
					{
						"name": "tr_FAILout_ReactivateAlarmSystem",

						"timed_guard": "(declare-const cl Real)(assert (<= 0 cl))(declare-const TM Real)(assert (< 0 TM))(assert  (< cl TM))",

						"guard": "(assert  true)",

						"action": {
							"nature": "OBSERVATION",
							"port": "ReactivateAlarmSystem"
						},
						"verdict": "FAIL_OUTPUT"
					},
					{
						"name": "tr_FAILout_TriggerWindowBreakingAlarm",

						"timed_guard": "(declare-const cl Real)(assert (<= 0 cl))(declare-const TM Real)(assert (< 0 TM))(assert  (< cl TM))",

						"guard": "(assert  true)",

						"action": {
							"nature": "OBSERVATION",
							"port": "TriggerWindowBreakingAlarm",
							"parameters": [
								"$6"
							]
						},
						"verdict": "FAIL_OUTPUT"
					},
					{
						"name": "tr_FAILout_TriggerDoorOpeningAlarm",

						"timed_guard": "(declare-const cl Real)(assert (<= 0 cl))(declare-const TM Real)(assert (< 0 TM))(assert  (< cl TM))",

						"guard": "(assert  true)",

						"action": {
							"nature": "OBSERVATION",
							"port": "TriggerDoorOpeningAlarm",
							"parameters": [
								"$7"
							]
						},
						"verdict": "FAIL_OUTPUT"
					},
					{
						"name": "tr_FAILout_TriggerRoomMovementAlarm",

						"timed_guard": "(declare-const cl Real)(assert (<= 0 cl))(declare-const TM Real)(assert (< 0 TM))(assert  (< cl TM))",

						"guard": "(assert  true)",

						"action": {
							"nature": "OBSERVATION",
							"port": "TriggerRoomMovementAlarm",
							"parameters": [
								"$8"
							]
						},
						"verdict": "FAIL_OUTPUT"
					},
					{
						"name": "tr_FAILout_Error",

						"timed_guard": "(declare-const cl Real)(assert (<= 0 cl))(declare-const TM Real)(assert (< 0 TM))(assert  (< cl TM))",

						"guard": "(assert  true)",

						"action": {
							"nature": "OBSERVATION",
							"port": "Error"
						},
						"verdict": "FAIL_OUTPUT"
					},
					{
						"name": "tr_FAILout_CallPolice",

						"timed_guard": "(declare-const cl Real)(assert (<= 0 cl))(declare-const TM Real)(assert (< 0 TM))(assert  (< cl TM))",

						"guard": "(assert  true)",

						"action": {
							"nature": "OBSERVATION",
							"port": "CallPolice",
							"parameters": [
								"$9"
							]
						},
						"verdict": "FAIL_OUTPUT"
					},
					{
						"name": "tr_FAILout_TurnOnLights",

						"timed_guard": "(declare-const cl Real)(assert (<= 0 cl))(declare-const TM Real)(assert (< 0 TM))(assert  (< cl TM))",

						"guard": "(assert  true)",

						"action": {
							"nature": "OBSERVATION",
							"port": "TurnOnLights",
							"parameters": [
								"$10"
							]
						},
						"verdict": "FAIL_OUTPUT"
					},
					{
						"name": "tr_FAILout_TransferToBackupPower",

						"timed_guard": "(declare-const cl Real)(assert (<= 0 cl))(declare-const TM Real)(assert (< 0 TM))(assert  (< cl TM))",

						"guard": "(assert  true)",

						"action": {
							"nature": "OBSERVATION",
							"port": "TransferToBackupPower"
						},
						"verdict": "FAIL_OUTPUT"
					},
					{
						"name": "tr_INCdur_Quiescence",

						"timed_guard": "(declare-const cl Real)(assert (<= 0 cl))(declare-const TM Real)(assert (< 0 TM))(assert  (>= cl TM))",

						"guard": "(assert  true)",

						"action": {
							"nature": "QUIESCENCE",
							"port": "Quiescence"
						},
						"verdict": "INCONCLUSIVE_DURATION"
					}
				]
			},
			{
				"name": "ec_2",
				"sut_state": "ec_2",
				"time_var": "#2",
				"transitions": [
					{
						"name": "tr_ec5_TriggerWindowBreakingAlarm",

						"timed_guard": "(declare-const #2 Real)(assert (<= 0 #2))(declare-const cl Real)(assert (<= 0 cl))(declare-const TM Real)(assert (< 0 TM))(assert  (and (= #2 cl) (< cl TM) ))",

						"guard": "(declare-const $1 Int)(assert (<= 0 $1))(declare-const invType1 Int)(assert (<= 0 invType1))(declare-const #2 Real)(assert (<= 0 #2))(assert  (and (= $1 invType1) (<= #2 500) ))",

						"action": {
							"nature": "OBSERVATION",
							"port": "TriggerWindowBreakingAlarm",
							"parameters": [
								"$1"
							]
						},
						"next": "ec_5"
					},
					{
						"name": "tr_FAILout_TriggerWindowBreakingAlarm",

						"timed_guard": "(declare-const #2 Real)(assert (<= 0 #2))(declare-const cl Real)(assert (<= 0 cl))(declare-const TM Real)(assert (< 0 TM))(assert  (and (= #2 cl) (< cl TM) ))",

						"guard": "(declare-const $1 Int)(assert (<= 0 $1))(declare-const invType1 Int)(assert (<= 0 invType1))(declare-const #2 Real)(assert (<= 0 #2))(assert  (or (not (= $1 invType1)) (> #2 500) ))",

						"action": {
							"nature": "OBSERVATION",
							"port": "TriggerWindowBreakingAlarm",
							"parameters": [
								"$1"
							]
						},
						"verdict": "FAIL_OUTPUT"
					},
					{
						"name": "tr_FAILout_NoInvasionDetected",

						"timed_guard": "(declare-const cl Real)(assert (<= 0 cl))(declare-const TM Real)(assert (< 0 TM))(assert  (< cl TM))",

						"guard": "(assert  true)",

						"action": {
							"nature": "OBSERVATION",
							"port": "NoInvasionDetected"
						},
						"verdict": "FAIL_OUTPUT"
					},
					{
						"name": "tr_FAILout_ReactivateAlarmSystem",

						"timed_guard": "(declare-const cl Real)(assert (<= 0 cl))(declare-const TM Real)(assert (< 0 TM))(assert  (< cl TM))",

						"guard": "(assert  true)",

						"action": {
							"nature": "OBSERVATION",
							"port": "ReactivateAlarmSystem"
						},
						"verdict": "FAIL_OUTPUT"
					},
					{
						"name": "tr_FAILout_TriggerDoorOpeningAlarm",

						"timed_guard": "(declare-const cl Real)(assert (<= 0 cl))(declare-const TM Real)(assert (< 0 TM))(assert  (< cl TM))",

						"guard": "(assert  true)",

						"action": {
							"nature": "OBSERVATION",
							"port": "TriggerDoorOpeningAlarm"
						},
						"verdict": "FAIL_OUTPUT"
					},
					{
						"name": "tr_FAILout_TriggerRoomMovementAlarm",

						"timed_guard": "(declare-const cl Real)(assert (<= 0 cl))(declare-const TM Real)(assert (< 0 TM))(assert  (< cl TM))",

						"guard": "(assert  true)",

						"action": {
							"nature": "OBSERVATION",
							"port": "TriggerRoomMovementAlarm"
						},
						"verdict": "FAIL_OUTPUT"
					},
					{
						"name": "tr_FAILout_Error",

						"timed_guard": "(declare-const cl Real)(assert (<= 0 cl))(declare-const TM Real)(assert (< 0 TM))(assert  (< cl TM))",

						"guard": "(assert  true)",

						"action": {
							"nature": "OBSERVATION",
							"port": "Error"
						},
						"verdict": "FAIL_OUTPUT"
					},
					{
						"name": "tr_FAILout_CallPolice",

						"timed_guard": "(declare-const cl Real)(assert (<= 0 cl))(declare-const TM Real)(assert (< 0 TM))(assert  (< cl TM))",

						"guard": "(assert  true)",

						"action": {
							"nature": "OBSERVATION",
							"port": "CallPolice",
							"parameters": [
								"$11"
							]
						},
						"verdict": "FAIL_OUTPUT"
					},
					{
						"name": "tr_FAILout_TurnOnLights",

						"timed_guard": "(declare-const cl Real)(assert (<= 0 cl))(declare-const TM Real)(assert (< 0 TM))(assert  (< cl TM))",

						"guard": "(assert  true)",

						"action": {
							"nature": "OBSERVATION",
							"port": "TurnOnLights",
							"parameters": [
								"$12"
							]
						},
						"verdict": "FAIL_OUTPUT"
					},
					{
						"name": "tr_FAILout_TransferToBackupPower",

						"timed_guard": "(declare-const cl Real)(assert (<= 0 cl))(declare-const TM Real)(assert (< 0 TM))(assert  (< cl TM))",

						"guard": "(assert  true)",

						"action": {
							"nature": "OBSERVATION",
							"port": "TransferToBackupPower"
						},
						"verdict": "FAIL_OUTPUT"
					},
					{
						"name": "tr_INCdur_Quiescence",

						"timed_guard": "(declare-const #2 Real)(assert (<= 0 #2))(declare-const cl Real)(assert (<= 0 cl))(declare-const TM Real)(assert (< 0 TM))(assert  (and (= #2 cl) (>= cl TM) ))",

						"guard": "(declare-const invType1 Int)(assert (<= 0 invType1))(declare-const #2 Real)(assert (<= 0 #2))(assert  (exists ( (# Real) ($1 Int) ) (and (<= 0 #) (<= 0 $1)  (and (= $1 invType1) (< #2 #) (<= # 500) ) ) ))",

						"action": {
							"nature": "QUIESCENCE",
							"port": "Quiescence"
						},
						"verdict": "INCONCLUSIVE_DURATION"
					},
					{
						"name": "tr_FAILdur_Quiescence",

						"timed_guard": "(declare-const #2 Real)(assert (<= 0 #2))(declare-const cl Real)(assert (<= 0 cl))(declare-const TM Real)(assert (< 0 TM))(assert  (and (= #2 cl) (>= cl TM) ))",

						"guard": "(declare-const invType1 Int)(assert (<= 0 invType1))(declare-const #2 Real)(assert (<= 0 #2))(assert  (forall ( (# Real) ($1 Int) ) (=> (<= 0 #) (<= 0 $1)  (or (not (= $1 invType1)) (>= #2 #) (> # 500) ) ) ))",

						"action": {
							"nature": "QUIESCENCE",
							"port": "Quiescence"
						},
						"verdict": "FAIL_DURATION"
					}
				]
			},
			{
				"name": "ec_5",
				"sut_state": "ec_5",
				"time_var": "#3",
				"transitions": [
					{
						"name": "tr_ec9_CallPolice",

						"timed_guard": "(declare-const #3 Real)(assert (<= 0 #3))(declare-const cl Real)(assert (<= 0 cl))(declare-const TM Real)(assert (< 0 TM))(assert  (and (= #3 cl) (< cl TM) ))",

						"guard": "(declare-const $4 Int)(assert (<= 0 $4))(declare-const roomNumber1 Int)(assert (<= 0 roomNumber1))(declare-const #3 Real)(assert (<= 0 #3))(assert  (and (= $4 roomNumber1) (<= #3 4000) ))",

						"action": {
							"nature": "OBSERVATION",
							"port": "CallPolice",
							"parameters": [
								"$4"
							]
						},
						"next": "ec_9"
					},
					{
						"name": "tr_FAILout_CallPolice",

						"timed_guard": "(declare-const #3 Real)(assert (<= 0 #3))(declare-const cl Real)(assert (<= 0 cl))(declare-const TM Real)(assert (< 0 TM))(assert  (and (= #3 cl) (< cl TM) ))",

						"guard": "(declare-const $4 Int)(assert (<= 0 $4))(declare-const roomNumber1 Int)(assert (<= 0 roomNumber1))(declare-const #3 Real)(assert (<= 0 #3))(assert  (or (not (= $4 roomNumber1)) (> #3 4000) ))",

						"action": {
							"nature": "OBSERVATION",
							"port": "CallPolice",
							"parameters": [
								"$4"
							]
						},
						"verdict": "FAIL_OUTPUT"
					},
					{
						"name": "tr_FAILout_NoInvasionDetected",

						"timed_guard": "(declare-const cl Real)(assert (<= 0 cl))(declare-const TM Real)(assert (< 0 TM))(assert  (< cl TM))",

						"guard": "(assert  true)",

						"action": {
							"nature": "OBSERVATION",
							"port": "NoInvasionDetected"
						},
						"verdict": "FAIL_OUTPUT"
					},
					{
						"name": "tr_FAILout_ReactivateAlarmSystem",

						"timed_guard": "(declare-const cl Real)(assert (<= 0 cl))(declare-const TM Real)(assert (< 0 TM))(assert  (< cl TM))",

						"guard": "(assert  true)",

						"action": {
							"nature": "OBSERVATION",
							"port": "ReactivateAlarmSystem"
						},
						"verdict": "FAIL_OUTPUT"
					},
					{
						"name": "tr_FAILout_TriggerWindowBreakingAlarm",

						"timed_guard": "(declare-const cl Real)(assert (<= 0 cl))(declare-const TM Real)(assert (< 0 TM))(assert  (< cl TM))",

						"guard": "(assert  true)",

						"action": {
							"nature": "OBSERVATION",
							"port": "TriggerWindowBreakingAlarm",
							"parameters": [
								"$13"
							]
						},
						"verdict": "FAIL_OUTPUT"
					},
					{
						"name": "tr_FAILout_TriggerDoorOpeningAlarm",

						"timed_guard": "(declare-const cl Real)(assert (<= 0 cl))(declare-const TM Real)(assert (< 0 TM))(assert  (< cl TM))",

						"guard": "(assert  true)",

						"action": {
							"nature": "OBSERVATION",
							"port": "TriggerDoorOpeningAlarm",
							"parameters": [
								"$14"
							]
						},
						"verdict": "FAIL_OUTPUT"
					},
					{
						"name": "tr_FAILout_TriggerRoomMovementAlarm",

						"timed_guard": "(declare-const cl Real)(assert (<= 0 cl))(declare-const TM Real)(assert (< 0 TM))(assert  (< cl TM))",

						"guard": "(assert  true)",

						"action": {
							"nature": "OBSERVATION",
							"port": "TriggerRoomMovementAlarm",
							"parameters": [
								"$15"
							]
						},
						"verdict": "FAIL_OUTPUT"
					},
					{
						"name": "tr_FAILout_Error",

						"timed_guard": "(declare-const cl Real)(assert (<= 0 cl))(declare-const TM Real)(assert (< 0 TM))(assert  (< cl TM))",

						"guard": "(assert  true)",

						"action": {
							"nature": "OBSERVATION",
							"port": "Error"
						},
						"verdict": "FAIL_OUTPUT"
					},
					{
						"name": "tr_FAILout_TurnOnLights",

						"timed_guard": "(declare-const cl Real)(assert (<= 0 cl))(declare-const TM Real)(assert (< 0 TM))(assert  (< cl TM))",

						"guard": "(assert  true)",

						"action": {
							"nature": "OBSERVATION",
							"port": "TurnOnLights",
							"parameters": [
								"$16"
							]
						},
						"verdict": "FAIL_OUTPUT"
					},
					{
						"name": "tr_FAILout_TransferToBackupPower",

						"timed_guard": "(declare-const cl Real)(assert (<= 0 cl))(declare-const TM Real)(assert (< 0 TM))(assert  (< cl TM))",

						"guard": "(assert  true)",

						"action": {
							"nature": "OBSERVATION",
							"port": "TransferToBackupPower"
						},
						"verdict": "FAIL_OUTPUT"
					},
					{
						"name": "tr_INCdur_Quiescence",

						"timed_guard": "(declare-const #3 Real)(assert (<= 0 #3))(declare-const cl Real)(assert (<= 0 cl))(declare-const TM Real)(assert (< 0 TM))(assert  (and (= #3 cl) (>= cl TM) ))",

						"guard": "(declare-const roomNumber1 Int)(assert (<= 0 roomNumber1))(declare-const #3 Real)(assert (<= 0 #3))(assert  (exists ( (# Real) ($4 Int) ) (and (<= 0 #) (<= 0 $4)  (and (= $4 roomNumber1) (< #3 #) (<= # 4000) ) ) ))",

						"action": {
							"nature": "QUIESCENCE",
							"port": "Quiescence"
						},
						"verdict": "INCONCLUSIVE_DURATION"
					},
					{
						"name": "tr_FAILdur_Quiescence",

						"timed_guard": "(declare-const #3 Real)(assert (<= 0 #3))(declare-const cl Real)(assert (<= 0 cl))(declare-const TM Real)(assert (< 0 TM))(assert  (and (= #3 cl) (>= cl TM) ))",

						"guard": "(declare-const roomNumber1 Int)(assert (<= 0 roomNumber1))(declare-const #3 Real)(assert (<= 0 #3))(assert  (forall ( (# Real) ($4 Int) ) (=> (<= 0 #) (<= 0 $4)  (or (not (= $4 roomNumber1)) (>= #3 #) (> # 4000) ) ) ))",

						"action": {
							"nature": "QUIESCENCE",
							"port": "Quiescence"
						},
						"verdict": "FAIL_DURATION"
					}
				]
			},
			{
				"name": "ec_9",
				"sut_state": "ec_9",
				"time_var": "#4",
				"transitions": [
					{
						"name": "tr_ec11_TurnOnLights",

						"timed_guard": "(declare-const #4 Real)(assert (<= 0 #4))(declare-const cl Real)(assert (<= 0 cl))(declare-const TM Real)(assert (< 0 TM))(assert  (and (= #4 cl) (< cl TM) ))",

						"guard": "(declare-const $5 Int)(assert (<= 0 $5))(declare-const roomNumber1 Int)(assert (<= 0 roomNumber1))(declare-const #4 Real)(assert (<= 0 #4))(assert  (and (= $5 roomNumber1) (<= #4 500) ))",

						"action": {
							"nature": "OBSERVATION",
							"port": "TurnOnLights",
							"parameters": [
								"$5"
							]
						},
						"next": "ec_11"
					},
					{
						"name": "tr_FAILout_TurnOnLights",

						"timed_guard": "(declare-const #4 Real)(assert (<= 0 #4))(declare-const cl Real)(assert (<= 0 cl))(declare-const TM Real)(assert (< 0 TM))(assert  (and (= #4 cl) (< cl TM) ))",

						"guard": "(declare-const $5 Int)(assert (<= 0 $5))(declare-const roomNumber1 Int)(assert (<= 0 roomNumber1))(declare-const #4 Real)(assert (<= 0 #4))(assert  (or (not (= $5 roomNumber1)) (> #4 500) ))",

						"action": {
							"nature": "OBSERVATION",
							"port": "TurnOnLights",
							"parameters": [
								"$5"
							]
						},
						"verdict": "FAIL_OUTPUT"
					},
					{
						"name": "tr_FAILout_NoInvasionDetected",

						"timed_guard": "(declare-const cl Real)(assert (<= 0 cl))(declare-const TM Real)(assert (< 0 TM))(assert  (< cl TM))",

						"guard": "(assert  true)",

						"action": {
							"nature": "OBSERVATION",
							"port": "NoInvasionDetected"
						},
						"verdict": "FAIL_OUTPUT"
					},
					{
						"name": "tr_FAILout_ReactivateAlarmSystem",

						"timed_guard": "(declare-const cl Real)(assert (<= 0 cl))(declare-const TM Real)(assert (< 0 TM))(assert  (< cl TM))",

						"guard": "(assert  true)",

						"action": {
							"nature": "OBSERVATION",
							"port": "ReactivateAlarmSystem"
						},
						"verdict": "FAIL_OUTPUT"
					},
					{
						"name": "tr_FAILout_TriggerWindowBreakingAlarm",

						"timed_guard": "(declare-const cl Real)(assert (<= 0 cl))(declare-const TM Real)(assert (< 0 TM))(assert  (< cl TM))",

						"guard": "(assert  true)",

						"action": {
							"nature": "OBSERVATION",
							"port": "TriggerWindowBreakingAlarm",
							"parameters": [
								"$17"
							]
						},
						"verdict": "FAIL_OUTPUT"
					},
					{
						"name": "tr_FAILout_TriggerDoorOpeningAlarm",

						"timed_guard": "(declare-const cl Real)(assert (<= 0 cl))(declare-const TM Real)(assert (< 0 TM))(assert  (< cl TM))",

						"guard": "(assert  true)",

						"action": {
							"nature": "OBSERVATION",
							"port": "TriggerDoorOpeningAlarm",
							"parameters": [
								"$18"
							]
						},
						"verdict": "FAIL_OUTPUT"
					},
					{
						"name": "tr_FAILout_TriggerRoomMovementAlarm",

						"timed_guard": "(declare-const cl Real)(assert (<= 0 cl))(declare-const TM Real)(assert (< 0 TM))(assert  (< cl TM))",

						"guard": "(assert  true)",

						"action": {
							"nature": "OBSERVATION",
							"port": "TriggerRoomMovementAlarm",
							"parameters": [
								"$19"
							]
						},
						"verdict": "FAIL_OUTPUT"
					},
					{
						"name": "tr_FAILout_Error",

						"timed_guard": "(declare-const cl Real)(assert (<= 0 cl))(declare-const TM Real)(assert (< 0 TM))(assert  (< cl TM))",

						"guard": "(assert  true)",

						"action": {
							"nature": "OBSERVATION",
							"port": "Error"
						},
						"verdict": "FAIL_OUTPUT"
					},
					{
						"name": "tr_FAILout_CallPolice",

						"timed_guard": "(declare-const cl Real)(assert (<= 0 cl))(declare-const TM Real)(assert (< 0 TM))(assert  (< cl TM))",

						"guard": "(assert  true)",

						"action": {
							"nature": "OBSERVATION",
							"port": "CallPolice",
							"parameters": [
								"$20"
							]
						},
						"verdict": "FAIL_OUTPUT"
					},
					{
						"name": "tr_FAILout_TransferToBackupPower",

						"timed_guard": "(declare-const cl Real)(assert (<= 0 cl))(declare-const TM Real)(assert (< 0 TM))(assert  (< cl TM))",

						"guard": "(assert  true)",

						"action": {
							"nature": "OBSERVATION",
							"port": "TransferToBackupPower"
						},
						"verdict": "FAIL_OUTPUT"
					},
					{
						"name": "tr_INCdur_Quiescence",

						"timed_guard": "(declare-const #4 Real)(assert (<= 0 #4))(declare-const cl Real)(assert (<= 0 cl))(declare-const TM Real)(assert (< 0 TM))(assert  (and (= #4 cl) (>= cl TM) ))",

						"guard": "(declare-const roomNumber1 Int)(assert (<= 0 roomNumber1))(declare-const #4 Real)(assert (<= 0 #4))(assert  (exists ( (# Real) ($5 Int) ) (and (<= 0 #) (<= 0 $5)  (and (= $5 roomNumber1) (< #4 #) (<= # 500) ) ) ))",

						"action": {
							"nature": "QUIESCENCE",
							"port": "Quiescence"
						},
						"verdict": "INCONCLUSIVE_DURATION"
					},
					{
						"name": "tr_FAILdur_Quiescence",

						"timed_guard": "(declare-const #4 Real)(assert (<= 0 #4))(declare-const cl Real)(assert (<= 0 cl))(declare-const TM Real)(assert (< 0 TM))(assert  (and (= #4 cl) (>= cl TM) ))",

						"guard": "(declare-const roomNumber1 Int)(assert (<= 0 roomNumber1))(declare-const #4 Real)(assert (<= 0 #4))(assert  (forall ( (# Real) ($5 Int) ) (=> (<= 0 #) (<= 0 $5)  (or (not (= $5 roomNumber1)) (>= #4 #) (> # 500) ) ) ))",

						"action": {
							"nature": "QUIESCENCE",
							"port": "Quiescence"
						},
						"verdict": "FAIL_DURATION"
					}
				]
			},
			{
				"name": "ec_11",
				"sut_state": "ec_11",
				"time_var": "cl",
				"transitions": [
					{
						"name": "tr_ec13_Interrupt",

						"timed_guard": "(declare-const cl Real)(assert (<= 0 cl))(declare-const TM Real)(assert (< 0 TM))(assert  (< cl TM))",

						"guard": "(declare-const #7 Real)(assert (<= 0 #7))(declare-const #8 Real)(assert (<= 0 #8))(declare-const intCode5 Int)(assert (<= 0 intCode5))(assert  (and (exists ( (#8 Real) (#7 Real) ) (and (<= 0 #8) (<= 0 #7)  (and (<= (+ #7 #8) 50) (<= #7 50) ) ) ) (= intCode5 5) ))",

						"action": {
							"nature": "STIMULATION",
							"port": "Interrupt",
							"parameters": [
								"intCode5"
							]
						},
						"next": "ec_13"
					},
					{
						"name": "tr_FAILout_NoInvasionDetected",

						"timed_guard": "(declare-const cl Real)(assert (<= 0 cl))(declare-const TM Real)(assert (< 0 TM))(assert  (< cl TM))",

						"guard": "(assert  true)",

						"action": {
							"nature": "OBSERVATION",
							"port": "NoInvasionDetected"
						},
						"verdict": "FAIL_OUTPUT"
					},
					{
						"name": "tr_FAILout_ReactivateAlarmSystem",

						"timed_guard": "(declare-const cl Real)(assert (<= 0 cl))(declare-const TM Real)(assert (< 0 TM))(assert  (< cl TM))",

						"guard": "(assert  true)",

						"action": {
							"nature": "OBSERVATION",
							"port": "ReactivateAlarmSystem"
						},
						"verdict": "FAIL_OUTPUT"
					},
					{
						"name": "tr_FAILout_TriggerWindowBreakingAlarm",

						"timed_guard": "(declare-const cl Real)(assert (<= 0 cl))(declare-const TM Real)(assert (< 0 TM))(assert  (< cl TM))",

						"guard": "(assert  true)",

						"action": {
							"nature": "OBSERVATION",
							"port": "TriggerWindowBreakingAlarm",
							"parameters": [
								"$21"
							]
						},
						"verdict": "FAIL_OUTPUT"
					},
					{
						"name": "tr_FAILout_TriggerDoorOpeningAlarm",

						"timed_guard": "(declare-const cl Real)(assert (<= 0 cl))(declare-const TM Real)(assert (< 0 TM))(assert  (< cl TM))",

						"guard": "(assert  true)",

						"action": {
							"nature": "OBSERVATION",
							"port": "TriggerDoorOpeningAlarm",
							"parameters": [
								"$22"
							]
						},
						"verdict": "FAIL_OUTPUT"
					},
					{
						"name": "tr_FAILout_TriggerRoomMovementAlarm",

						"timed_guard": "(declare-const cl Real)(assert (<= 0 cl))(declare-const TM Real)(assert (< 0 TM))(assert  (< cl TM))",

						"guard": "(assert  true)",

						"action": {
							"nature": "OBSERVATION",
							"port": "TriggerRoomMovementAlarm",
							"parameters": [
								"$23"
							]
						},
						"verdict": "FAIL_OUTPUT"
					},
					{
						"name": "tr_FAILout_Error",

						"timed_guard": "(declare-const cl Real)(assert (<= 0 cl))(declare-const TM Real)(assert (< 0 TM))(assert  (< cl TM))",

						"guard": "(assert  true)",

						"action": {
							"nature": "OBSERVATION",
							"port": "Error"
						},
						"verdict": "FAIL_OUTPUT"
					},
					{
						"name": "tr_FAILout_CallPolice",

						"timed_guard": "(declare-const cl Real)(assert (<= 0 cl))(declare-const TM Real)(assert (< 0 TM))(assert  (< cl TM))",

						"guard": "(assert  true)",

						"action": {
							"nature": "OBSERVATION",
							"port": "CallPolice",
							"parameters": [
								"$24"
							]
						},
						"verdict": "FAIL_OUTPUT"
					},
					{
						"name": "tr_FAILout_TurnOnLights",

						"timed_guard": "(declare-const cl Real)(assert (<= 0 cl))(declare-const TM Real)(assert (< 0 TM))(assert  (< cl TM))",

						"guard": "(assert  true)",

						"action": {
							"nature": "OBSERVATION",
							"port": "TurnOnLights",
							"parameters": [
								"$25"
							]
						},
						"verdict": "FAIL_OUTPUT"
					},
					{
						"name": "tr_FAILout_TransferToBackupPower",

						"timed_guard": "(declare-const cl Real)(assert (<= 0 cl))(declare-const TM Real)(assert (< 0 TM))(assert  (< cl TM))",

						"guard": "(assert  true)",

						"action": {
							"nature": "OBSERVATION",
							"port": "TransferToBackupPower"
						},
						"verdict": "FAIL_OUTPUT"
					},
					{
						"name": "tr_INCdur_Quiescence",

						"timed_guard": "(declare-const cl Real)(assert (<= 0 cl))(declare-const TM Real)(assert (< 0 TM))(assert  (>= cl TM))",

						"guard": "(assert  true)",

						"action": {
							"nature": "QUIESCENCE",
							"port": "Quiescence"
						},
						"verdict": "INCONCLUSIVE_DURATION"
					}
				]
			},
			{
				"name": "ec_13",
				"sut_state": "ec_13",
				"time_var": "cl",
				"transitions": [
					{
						"name": "tr_ec14_PowerFailInterrupt",

						"timed_guard": "(declare-const cl Real)(assert (<= 0 cl))(declare-const TM Real)(assert (< 0 TM))(assert  (< cl TM))",

						"guard": "(assert  true)",

						"action": {
							"nature": "STIMULATION",
							"port": "PowerFailInterrupt"
						},
						"next": "ec_14"
					},
					{
						"name": "tr_FAILout_NoInvasionDetected",

						"timed_guard": "(declare-const cl Real)(assert (<= 0 cl))(declare-const TM Real)(assert (< 0 TM))(assert  (< cl TM))",

						"guard": "(assert  true)",

						"action": {
							"nature": "OBSERVATION",
							"port": "NoInvasionDetected"
						},
						"verdict": "FAIL_OUTPUT"
					},
					{
						"name": "tr_FAILout_ReactivateAlarmSystem",

						"timed_guard": "(declare-const cl Real)(assert (<= 0 cl))(declare-const TM Real)(assert (< 0 TM))(assert  (< cl TM))",

						"guard": "(assert  true)",

						"action": {
							"nature": "OBSERVATION",
							"port": "ReactivateAlarmSystem"
						},
						"verdict": "FAIL_OUTPUT"
					},
					{
						"name": "tr_FAILout_TriggerWindowBreakingAlarm",

						"timed_guard": "(declare-const cl Real)(assert (<= 0 cl))(declare-const TM Real)(assert (< 0 TM))(assert  (< cl TM))",

						"guard": "(assert  true)",

						"action": {
							"nature": "OBSERVATION",
							"port": "TriggerWindowBreakingAlarm",
							"parameters": [
								"$26"
							]
						},
						"verdict": "FAIL_OUTPUT"
					},
					{
						"name": "tr_FAILout_TriggerDoorOpeningAlarm",

						"timed_guard": "(declare-const cl Real)(assert (<= 0 cl))(declare-const TM Real)(assert (< 0 TM))(assert  (< cl TM))",

						"guard": "(assert  true)",

						"action": {
							"nature": "OBSERVATION",
							"port": "TriggerDoorOpeningAlarm",
							"parameters": [
								"$27"
							]
						},
						"verdict": "FAIL_OUTPUT"
					},
					{
						"name": "tr_FAILout_TriggerRoomMovementAlarm",

						"timed_guard": "(declare-const cl Real)(assert (<= 0 cl))(declare-const TM Real)(assert (< 0 TM))(assert  (< cl TM))",

						"guard": "(assert  true)",

						"action": {
							"nature": "OBSERVATION",
							"port": "TriggerRoomMovementAlarm",
							"parameters": [
								"$28"
							]
						},
						"verdict": "FAIL_OUTPUT"
					},
					{
						"name": "tr_FAILout_Error",

						"timed_guard": "(declare-const cl Real)(assert (<= 0 cl))(declare-const TM Real)(assert (< 0 TM))(assert  (< cl TM))",

						"guard": "(assert  true)",

						"action": {
							"nature": "OBSERVATION",
							"port": "Error"
						},
						"verdict": "FAIL_OUTPUT"
					},
					{
						"name": "tr_FAILout_CallPolice",

						"timed_guard": "(declare-const cl Real)(assert (<= 0 cl))(declare-const TM Real)(assert (< 0 TM))(assert  (< cl TM))",

						"guard": "(assert  true)",

						"action": {
							"nature": "OBSERVATION",
							"port": "CallPolice",
							"parameters": [
								"$29"
							]
						},
						"verdict": "FAIL_OUTPUT"
					},
					{
						"name": "tr_FAILout_TurnOnLights",

						"timed_guard": "(declare-const cl Real)(assert (<= 0 cl))(declare-const TM Real)(assert (< 0 TM))(assert  (< cl TM))",

						"guard": "(assert  true)",

						"action": {
							"nature": "OBSERVATION",
							"port": "TurnOnLights",
							"parameters": [
								"$30"
							]
						},
						"verdict": "FAIL_OUTPUT"
					},
					{
						"name": "tr_FAILout_TransferToBackupPower",

						"timed_guard": "(declare-const cl Real)(assert (<= 0 cl))(declare-const TM Real)(assert (< 0 TM))(assert  (< cl TM))",

						"guard": "(assert  true)",

						"action": {
							"nature": "OBSERVATION",
							"port": "TransferToBackupPower"
						},
						"verdict": "FAIL_OUTPUT"
					},
					{
						"name": "tr_INCdur_Quiescence",

						"timed_guard": "(declare-const cl Real)(assert (<= 0 cl))(declare-const TM Real)(assert (< 0 TM))(assert  (>= cl TM))",

						"guard": "(assert  true)",

						"action": {
							"nature": "QUIESCENCE",
							"port": "Quiescence"
						},
						"verdict": "INCONCLUSIVE_DURATION"
					}
				]
			},
			{
				"name": "ec_14",
				"sut_state": "ec_14",
				"time_var": "#7",
				"transitions": [
					{
						"name": "tr_ec15_TransferToBackupPower",

						"timed_guard": "(declare-const #7 Real)(assert (<= 0 #7))(declare-const cl Real)(assert (<= 0 cl))(declare-const TM Real)(assert (< 0 TM))(assert  (and (= #7 cl) (< cl TM) ))",

						"guard": "(declare-const #7 Real)(assert (<= 0 #7))(assert  (<= #7 50))",

						"action": {
							"nature": "OBSERVATION",
							"port": "TransferToBackupPower"
						},
						"next": "ec_15"
					},
					{
						"name": "tr_FAILout_TransferToBackupPower",

						"timed_guard": "(declare-const #7 Real)(assert (<= 0 #7))(declare-const cl Real)(assert (<= 0 cl))(declare-const TM Real)(assert (< 0 TM))(assert  (and (= #7 cl) (< cl TM) ))",

						"guard": "(declare-const #7 Real)(assert (<= 0 #7))(assert  (> #7 50))",

						"action": {
							"nature": "OBSERVATION",
							"port": "TransferToBackupPower"
						},
						"verdict": "FAIL_OUTPUT"
					},
					{
						"name": "tr_FAILout_NoInvasionDetected",

						"timed_guard": "(declare-const cl Real)(assert (<= 0 cl))(declare-const TM Real)(assert (< 0 TM))(assert  (< cl TM))",

						"guard": "(assert  true)",

						"action": {
							"nature": "OBSERVATION",
							"port": "NoInvasionDetected"
						},
						"verdict": "FAIL_OUTPUT"
					},
					{
						"name": "tr_FAILout_ReactivateAlarmSystem",

						"timed_guard": "(declare-const cl Real)(assert (<= 0 cl))(declare-const TM Real)(assert (< 0 TM))(assert  (< cl TM))",

						"guard": "(assert  true)",

						"action": {
							"nature": "OBSERVATION",
							"port": "ReactivateAlarmSystem"
						},
						"verdict": "FAIL_OUTPUT"
					},
					{
						"name": "tr_FAILout_TriggerWindowBreakingAlarm",

						"timed_guard": "(declare-const cl Real)(assert (<= 0 cl))(declare-const TM Real)(assert (< 0 TM))(assert  (< cl TM))",

						"guard": "(assert  true)",

						"action": {
							"nature": "OBSERVATION",
							"port": "TriggerWindowBreakingAlarm",
							"parameters": [
								"$31"
							]
						},
						"verdict": "FAIL_OUTPUT"
					},
					{
						"name": "tr_FAILout_TriggerDoorOpeningAlarm",

						"timed_guard": "(declare-const cl Real)(assert (<= 0 cl))(declare-const TM Real)(assert (< 0 TM))(assert  (< cl TM))",

						"guard": "(assert  true)",

						"action": {
							"nature": "OBSERVATION",
							"port": "TriggerDoorOpeningAlarm",
							"parameters": [
								"$32"
							]
						},
						"verdict": "FAIL_OUTPUT"
					},
					{
						"name": "tr_FAILout_TriggerRoomMovementAlarm",

						"timed_guard": "(declare-const cl Real)(assert (<= 0 cl))(declare-const TM Real)(assert (< 0 TM))(assert  (< cl TM))",

						"guard": "(assert  true)",

						"action": {
							"nature": "OBSERVATION",
							"port": "TriggerRoomMovementAlarm",
							"parameters": [
								"$33"
							]
						},
						"verdict": "FAIL_OUTPUT"
					},
					{
						"name": "tr_FAILout_Error",

						"timed_guard": "(declare-const cl Real)(assert (<= 0 cl))(declare-const TM Real)(assert (< 0 TM))(assert  (< cl TM))",

						"guard": "(assert  true)",

						"action": {
							"nature": "OBSERVATION",
							"port": "Error"
						},
						"verdict": "FAIL_OUTPUT"
					},
					{
						"name": "tr_FAILout_CallPolice",

						"timed_guard": "(declare-const cl Real)(assert (<= 0 cl))(declare-const TM Real)(assert (< 0 TM))(assert  (< cl TM))",

						"guard": "(assert  true)",

						"action": {
							"nature": "OBSERVATION",
							"port": "CallPolice",
							"parameters": [
								"$34"
							]
						},
						"verdict": "FAIL_OUTPUT"
					},
					{
						"name": "tr_FAILout_TurnOnLights",

						"timed_guard": "(declare-const cl Real)(assert (<= 0 cl))(declare-const TM Real)(assert (< 0 TM))(assert  (< cl TM))",

						"guard": "(assert  true)",

						"action": {
							"nature": "OBSERVATION",
							"port": "TurnOnLights",
							"parameters": [
								"$35"
							]
						},
						"verdict": "FAIL_OUTPUT"
					},
					{
						"name": "tr_INCdur_Quiescence",

						"timed_guard": "(declare-const #7 Real)(assert (<= 0 #7))(declare-const cl Real)(assert (<= 0 cl))(declare-const TM Real)(assert (< 0 TM))(assert  (and (= #7 cl) (>= cl TM) ))",

						"guard": "(declare-const #7 Real)(assert (<= 0 #7))(assert  (exists ( (# Real) ) (and (<= 0 #)  (and (< #7 #) (<= # 50) ) ) ))",

						"action": {
							"nature": "QUIESCENCE",
							"port": "Quiescence"
						},
						"verdict": "INCONCLUSIVE_DURATION"
					},
					{
						"name": "tr_FAILdur_Quiescence",

						"timed_guard": "(declare-const #7 Real)(assert (<= 0 #7))(declare-const cl Real)(assert (<= 0 cl))(declare-const TM Real)(assert (< 0 TM))(assert  (and (= #7 cl) (>= cl TM) ))",

						"guard": "(declare-const #7 Real)(assert (<= 0 #7))(assert  (forall ( (# Real) ) (=> (<= 0 #)  (or (>= #7 #) (> # 50) ) ) ))",

						"action": {
							"nature": "QUIESCENCE",
							"port": "Quiescence"
						},
						"verdict": "FAIL_DURATION"
					}
				]
			},
			{
				"name": "ec_15",
				"sut_state": "ec_15",
				"time_var": "#8",
				"transitions": [
					{
						"name": "tr_PASS_ReactivateAlarmSystem",

						"timed_guard": "(declare-const #8 Real)(assert (<= 0 #8))(declare-const cl Real)(assert (<= 0 cl))(declare-const TM Real)(assert (< 0 TM))(assert  (and (= #8 cl) (< cl TM) ))",

						"guard": "(declare-const #7 Real)(assert (<= 0 #7))(declare-const #8 Real)(assert (<= 0 #8))(assert  (<= (+ #7 #8) 50))",

						"action": {
							"nature": "OBSERVATION",
							"port": "ReactivateAlarmSystem"
						},
						"verdict": "PASS"
					},
					{
						"name": "tr_FAILout_ReactivateAlarmSystem",

						"timed_guard": "(declare-const #8 Real)(assert (<= 0 #8))(declare-const cl Real)(assert (<= 0 cl))(declare-const TM Real)(assert (< 0 TM))(assert  (and (= #8 cl) (< cl TM) ))",

						"guard": "(declare-const #7 Real)(assert (<= 0 #7))(declare-const #8 Real)(assert (<= 0 #8))(assert  (> (+ #7 #8) 50))",

						"action": {
							"nature": "OBSERVATION",
							"port": "ReactivateAlarmSystem"
						},
						"verdict": "FAIL_OUTPUT"
					},
					{
						"name": "tr_FAILout_NoInvasionDetected",

						"timed_guard": "(declare-const cl Real)(assert (<= 0 cl))(declare-const TM Real)(assert (< 0 TM))(assert  (< cl TM))",

						"guard": "(assert  true)",

						"action": {
							"nature": "OBSERVATION",
							"port": "NoInvasionDetected"
						},
						"verdict": "FAIL_OUTPUT"
					},
					{
						"name": "tr_FAILout_TriggerWindowBreakingAlarm",

						"timed_guard": "(declare-const cl Real)(assert (<= 0 cl))(declare-const TM Real)(assert (< 0 TM))(assert  (< cl TM))