{
	"manifest": {
		"version": 0.1,
		"description": "Generated testcase definition in JSON Format",
		"service": "Testcase Specification",
		"generatedDate": "Thu Oct 30 20:30:39 2025"
	},

	"SUT": {
		"output_ports": [
			{
				"name": "NoInvasionDetected"
			},
			{
				"name": "ReactivateAlarmSystem"
			},
			{
				"name": "TriggerWindowBreakingAlarm",
				"parameters": [
					{
						"name": "windowNumber",
						"type": "uinteger"
					}
				]
			},
			{
				"name": "TriggerDoorOpeningAlarm",
				"parameters": [
					{
						"name": "doorNumber",
						"type": "uinteger"
					}
				]
			},
			{
				"name": "TriggerRoomMovementAlarm",
				"parameters": [
					{
						"name": "movSensorNumber",
						"type": "uinteger"
					}
				]
			},
			{
				"name": "Error"
			},
			{
				"name": "CallPolice",
				"parameters": [
					{
						"name": "roomNumber",
						"type": "uinteger"
					}
				]
			},
			{
				"name": "TurnOnLights",
				"parameters": [
					{
						"name": "roomNumber",
						"type": "uinteger"
					}
				]
			},
			{
				"name": "TransferToBackupPower"
			}
		],
		"input_ports": [
			{
				"name": "VerifyInvasion",
				"parameters": [
					{
						"name": "roomNumber",
						"type": "uinteger"
					},
					{
						"name": "invType",
						"type": "uinteger"
					}
				]
			},
			{
				"name": "Interrupt",
				"parameters": [
					{
						"name": "intCode",
						"type": "uinteger"
					}
				]
			},
			{
				"name": "PowerFailInterrupt"
			}
		],
		"uncontrollable_input_ports": [
		]
	},

	"TESTCASE": {
		"variables": [
			{
				"name": "TM",
				"type": "pos_rational"
			},
			{
				"name": "cl",
				"type": "clock< urational >"
			},
			{
				"name": "intCode5",
				"type": "uinteger"
			},
			{
				"name": "$5",
				"type": "uinteger"
			},
			{
				"name": "intCode4",
				"type": "uinteger"
			},
			{
				"name": "$4",
				"type": "uinteger"
			},
			{
				"name": "intCode3",
				"type": "uinteger"
			},
			{
				"name": "$1",
				"type": "uinteger"
			},
			{
				"name": "roomNumber1",
				"type": "uinteger"
			},
			{
				"name": "invType1",
				"type": "uinteger"
			},
			{
				"name": "intCode1",
				"type": "uinteger"
			},
			{
				"name": "#8",
				"type": "time< urational >"
			},
			{
				"name": "#7",
				"type": "time< urational >"
			},
			{
				"name": "#6",
				"type": "time< urational >"
			},
			{
				"name": "#5",
				"type": "time< urational >"
			},
			{
				"name": "#4",
				"type": "time< urational >"
			},
			{
				"name": "#3",
				"type": "time< urational >"
			},
			{
				"name": "#2",
				"type": "time< urational >"
			},
			{
				"name": "#1",
				"type": "time< urational >"
			},
			{
				"name": "$delta#initial",
				"type": "time< urational >"
			},
			{
				"name": "$6",
				"type": "uinteger"
			},
			{
				"name": "$7",
				"type": "uinteger"
			},
			{
				"name": "$8",
				"type": "uinteger"
			},
			{
				"name": "$9",
				"type": "uinteger"
			},
			{
				"name": "$10",
				"type": "uinteger"
			},
			{
				"name": "$11",
				"type": "uinteger"
			},
			{
				"name": "$12",
				"type": "uinteger"
			},
			{
				"name": "$13",
				"type": "uinteger"
			},
			{
				"name": "$14",
				"type": "uinteger"
			},
			{
				"name": "$15",
				"type": "uinteger"
			},
			{
				"name": "$16",
				"type": "uinteger"
			},
			{
				"name": "$17",
				"type": "uinteger"
			},
			{
				"name": "$18",
				"type": "uinteger"
			},
			{
				"name": "$19",
				"type": "uinteger"
			},
			{
				"name": "$20",
				"type": "uinteger"
			},
			{
				"name": "$21",
				"type": "uinteger"
			},
			{
				"name": "$22",
				"type": "uinteger"
			},
			{
				"name": "$23",
				"type": "uinteger"
			},
			{
				"name": "$24",
				"type": "uinteger"
			},
			{
				"name": "$25",
				"type": "uinteger"
			},
			{
				"name": "$26",
				"type": "uinteger"
			},
			{
				"name": "$27",
				"type": "uinteger"
			},
			{
				"name": "$28",
				"type": "uinteger"
			},
			{
				"name": "$29",
				"type": "uinteger"
			},
			{
				"name": "$30",
				"type": "uinteger"
			},
			{
				"name": "$31",
				"type": "uinteger"
			},
			{
				"name": "$32",
				"type": "uinteger"
			},
			{
				"name": "$33",
				"type": "uinteger"
			},
			{
				"name": "$34",
				"type": "uinteger"
			},
			{
				"name": "$35",
				"type": "uinteger"
			},
			{
				"name": "$36",
				"type": "uinteger"
			},
			{
				"name": "$37",
				"type": "uinteger"
			},
			{
				"name": "$38",
				"type": "uinteger"
			},
			{
				"name": "$39",
				"type": "uinteger"
			},
			{
				"name": "$40",
				"type": "uinteger"
			}
		],

		"states": [
			{
				"name": "ec_1",
				"sut_state": "ec_1",
				"time_var": "cl",
				"transitions": [
					{
						"name": "tr_ec2_VerifyInvasion",

						"timed_guard": "(cl < TM)",

						"guard": "(exists< #8 : urational , #7 : urational , intCode5 : uinteger , #4 : urational , $5 : uinteger , #3 : urational , $4 : uinteger , #2 : urational , $1 : uinteger >((intCode5 == 5) && ($1 == invType1) && ($4 == roomNumber1) && ($5 == roomNumber1) && ((#7 + #8) <= 50) && (#2 <= 500) && (#3 <= 4000) && (#4 <= 500) && (#7 <= 50)) && (0 <= (invType1 + -1)) && (invType1 <= 50))",

						"action": {
							"nature": "STIMULATION",
							"port": "VerifyInvasion",
							"parameters": [
								"roomNumber1",
								"invType1"
							]
						},
						"next": "ec_2"
					},
					{
						"name": "tr_FAILout_NoInvasionDetected",

						"timed_guard": "(cl < TM)",

						"guard": "true",

						"action": {
							"nature": "OBSERVATION",
							"port": "NoInvasionDetected"
						},
						"verdict": "FAIL_OUTPUT"
					},
					{
						"name": "tr_FAILout_ReactivateAlarmSystem",

						"timed_guard": "(cl < TM)",

						"guard": "true",

						"action": {
							"nature": "OBSERVATION",
							"port": "ReactivateAlarmSystem"
						},
						"verdict": "FAIL_OUTPUT"
					},
					{
						"name": "tr_FAILout_TriggerWindowBreakingAlarm",

						"timed_guard": "(cl < TM)",

						"guard": "true",

						"action": {
							"nature": "OBSERVATION",
							"port": "TriggerWindowBreakingAlarm",
							"parameters": [
								"$6"
							]
						},
						"verdict": "FAIL_OUTPUT"
					},
					{
						"name": "tr_FAILout_TriggerDoorOpeningAlarm",

						"timed_guard": "(cl < TM)",

						"guard": "true",

						"action": {
							"nature": "OBSERVATION",
							"port": "TriggerDoorOpeningAlarm",
							"parameters": [
								"$7"
							]
						},
						"verdict": "FAIL_OUTPUT"
					},
					{
						"name": "tr_FAILout_TriggerRoomMovementAlarm",

						"timed_guard": "(cl < TM)",

						"guard": "true",

						"action": {
							"nature": "OBSERVATION",
							"port": "TriggerRoomMovementAlarm",
							"parameters": [
								"$8"
							]
						},
						"verdict": "FAIL_OUTPUT"
					},
					{
						"name": "tr_FAILout_Error",

						"timed_guard": "(cl < TM)",

						"guard": "true",

						"action": {
							"nature": "OBSERVATION",
							"port": "Error"
						},
						"verdict": "FAIL_OUTPUT"
					},
					{
						"name": "tr_FAILout_CallPolice",

						"timed_guard": "(cl < TM)",

						"guard": "true",

						"action": {
							"nature": "OBSERVATION",
							"port": "CallPolice",
							"parameters": [
								"$9"
							]
						},
						"verdict": "FAIL_OUTPUT"
					},
					{
						"name": "tr_FAILout_TurnOnLights",

						"timed_guard": "(cl < TM)",

						"guard": "true",

						"action": {
							"nature": "OBSERVATION",
							"port": "TurnOnLights",
							"parameters": [
								"$10"
							]
						},
						"verdict": "FAIL_OUTPUT"
					},
					{
						"name": "tr_FAILout_TransferToBackupPower",

						"timed_guard": "(cl < TM)",

						"guard": "true",

						"action": {
							"nature": "OBSERVATION",
							"port": "TransferToBackupPower"
						},
						"verdict": "FAIL_OUTPUT"
					},
					{
						"name": "tr_INCdur_Quiescence",

						"timed_guard": "(cl >= TM)",

						"guard": "true",

						"action": {
							"nature": "QUIESCENCE",
							"port": "Quiescence"
						},
						"verdict": "INCONCLUSIVE_DURATION"
					}
				]
			},
			{
				"name": "ec_2",
				"sut_state": "ec_2",
				"time_var": "#2",
				"transitions": [
					{
						"name": "tr_ec5_TriggerWindowBreakingAlarm",

						"timed_guard": "((#2 == cl) && (cl < TM))",

						"guard": "(($1 == invType1) && (#2 <= 500))",

						"action": {
							"nature": "OBSERVATION",
							"port": "TriggerWindowBreakingAlarm",
							"parameters": [
								"$1"
							]
						},
						"next": "ec_5"
					},
					{
						"name": "tr_FAILout_TriggerWindowBreakingAlarm",

						"timed_guard": "((#2 == cl) && (cl < TM))",

						"guard": "(($1 != invType1) || (#2 > 500))",

						"action": {
							"nature": "OBSERVATION",
							"port": "TriggerWindowBreakingAlarm",
							"parameters": [
								"$1"
							]
						},
						"verdict": "FAIL_OUTPUT"
					},
					{
						"name": "tr_FAILout_NoInvasionDetected",

						"timed_guard": "(cl < TM)",

						"guard": "true",

						"action": {
							"nature": "OBSERVATION",
							"port": "NoInvasionDetected"
						},
						"verdict": "FAIL_OUTPUT"
					},
					{
						"name": "tr_FAILout_ReactivateAlarmSystem",

						"timed_guard": "(cl < TM)",

						"guard": "true",

						"action": {
							"nature": "OBSERVATION",
							"port": "ReactivateAlarmSystem"
						},
						"verdict": "FAIL_OUTPUT"
					},
					{
						"name": "tr_FAILout_TriggerDoorOpeningAlarm",

						"timed_guard": "(cl < TM)",

						"guard": "true",

						"action": {
							"nature": "OBSERVATION",
							"port": "TriggerDoorOpeningAlarm"
						},
						"verdict": "FAIL_OUTPUT"
					},
					{
						"name": "tr_FAILout_TriggerRoomMovementAlarm",

						"timed_guard": "(cl < TM)",

						"guard": "true",

						"action": {
							"nature": "OBSERVATION",
							"port": "TriggerRoomMovementAlarm"
						},
						"verdict": "FAIL_OUTPUT"
					},
					{
						"name": "tr_FAILout_Error",

						"timed_guard": "(cl < TM)",

						"guard": "true",

						"action": {
							"nature": "OBSERVATION",
							"port": "Error"
						},
						"verdict": "FAIL_OUTPUT"
					},
					{
						"name": "tr_FAILout_CallPolice",

						"timed_guard": "(cl < TM)",

						"guard": "true",

						"action": {
							"nature": "OBSERVATION",
							"port": "CallPolice",
							"parameters": [
								"$11"
							]
						},
						"verdict": "FAIL_OUTPUT"
					},
					{
						"name": "tr_FAILout_TurnOnLights",

						"timed_guard": "(cl < TM)",

						"guard": "true",

						"action": {
							"nature": "OBSERVATION",
							"port": "TurnOnLights",
							"parameters": [
								"$12"
							]
						},
						"verdict": "FAIL_OUTPUT"
					},
					{
						"name": "tr_FAILout_TransferToBackupPower",

						"timed_guard": "(cl < TM)",

						"guard": "true",

						"action": {
							"nature": "OBSERVATION",
							"port": "TransferToBackupPower"
						},
						"verdict": "FAIL_OUTPUT"
					},
					{
						"name": "tr_INCdur_Quiescence",

						"timed_guard": "((#2 == cl) && (cl >= TM))",

						"guard": "exists< # : urational , $1 : uinteger >(($1 == invType1) && (#2 < #) && (# <= 500))",

						"action": {
							"nature": "QUIESCENCE",
							"port": "Quiescence"
						},
						"verdict": "INCONCLUSIVE_DURATION"
					},
					{
						"name": "tr_FAILdur_Quiescence",

						"timed_guard": "((#2 == cl) && (cl >= TM))",

						"guard": "forall< # : urational , $1 : uinteger >(($1 != invType1) || (#2 >= #) || (# > 500))",

						"action": {
							"nature": "QUIESCENCE",
							"port": "Quiescence"
						},
						"verdict": "FAIL_DURATION"
					}
				]
			},
			{
				"name": "ec_5",
				"sut_state": "ec_5",
				"time_var": "#3",
				"transitions": [
					{
						"name": "tr_ec9_CallPolice",

						"timed_guard": "((#3 == cl) && (cl < TM))",

						"guard": "(($4 == roomNumber1) && (#3 <= 4000))",

						"action": {
							"nature": "OBSERVATION",
							"port": "CallPolice",
							"parameters": [
								"$4"
							]
						},
						"next": "ec_9"
					},
					{
						"name": "tr_FAILout_CallPolice",

						"timed_guard": "((#3 == cl) && (cl < TM))",

						"guard": "(($4 != roomNumber1) || (#3 > 4000))",

						"action": {
							"nature": "OBSERVATION",
							"port": "CallPolice",
							"parameters": [
								"$4"
							]
						},
						"verdict": "FAIL_OUTPUT"
					},
					{
						"name": "tr_FAILout_NoInvasionDetected",

						"timed_guard": "(cl < TM)",

						"guard": "true",

						"action": {
							"nature": "OBSERVATION",
							"port": "NoInvasionDetected"
						},
						"verdict": "FAIL_OUTPUT"
					},
					{
						"name": "tr_FAILout_ReactivateAlarmSystem",

						"timed_guard": "(cl < TM)",

						"guard": "true",

						"action": {
							"nature": "OBSERVATION",
							"port": "ReactivateAlarmSystem"
						},
						"verdict": "FAIL_OUTPUT"
					},
					{
						"name": "tr_FAILout_TriggerWindowBreakingAlarm",

						"timed_guard": "(cl < TM)",

						"guard": "true",

						"action": {
							"nature": "OBSERVATION",
							"port": "TriggerWindowBreakingAlarm",
							"parameters": [
								"$13"
							]
						},
						"verdict": "FAIL_OUTPUT"
					},
					{
						"name": "tr_FAILout_TriggerDoorOpeningAlarm",

						"timed_guard": "(cl < TM)",

						"guard": "true",

						"action": {
							"nature": "OBSERVATION",
							"port": "TriggerDoorOpeningAlarm",
							"parameters": [
								"$14"
							]
						},
						"verdict": "FAIL_OUTPUT"
					},
					{
						"name": "tr_FAILout_TriggerRoomMovementAlarm",

						"timed_guard": "(cl < TM)",

						"guard": "true",

						"action": {
							"nature": "OBSERVATION",
							"port": "TriggerRoomMovementAlarm",
							"parameters": [
								"$15"
							]
						},
						"verdict": "FAIL_OUTPUT"
					},
					{
						"name": "tr_FAILout_Error",

						"timed_guard": "(cl < TM)",

						"guard": "true",

						"action": {
							"nature": "OBSERVATION",
							"port": "Error"
						},
						"verdict": "FAIL_OUTPUT"
					},
					{
						"name": "tr_FAILout_TurnOnLights",

						"timed_guard": "(cl < TM)",

						"guard": "true",

						"action": {
							"nature": "OBSERVATION",
							"port": "TurnOnLights",
							"parameters": [
								"$16"
							]
						},
						"verdict": "FAIL_OUTPUT"
					},
					{
						"name": "tr_FAILout_TransferToBackupPower",

						"timed_guard": "(cl < TM)",

						"guard": "true",

						"action": {
							"nature": "OBSERVATION",
							"port": "TransferToBackupPower"
						},
						"verdict": "FAIL_OUTPUT"
					},
					{
						"name": "tr_INCdur_Quiescence",

						"timed_guard": "((#3 == cl) && (cl >= TM))",

						"guard": "exists< # : urational , $4 : uinteger >(($4 == roomNumber1) && (#3 < #) && (# <= 4000))",

						"action": {
							"nature": "QUIESCENCE",
							"port": "Quiescence"
						},
						"verdict": "INCONCLUSIVE_DURATION"
					},
					{
						"name": "tr_FAILdur_Quiescence",

						"timed_guard": "((#3 == cl) && (cl >= TM))",

						"guard": "forall< # : urational , $4 : uinteger >(($4 != roomNumber1) || (#3 >= #) || (# > 4000))",

						"action": {
							"nature": "QUIESCENCE",
							"port": "Quiescence"
						},
						"verdict": "FAIL_DURATION"
					}
				]
			},
			{
				"name": "ec_9",
				"sut_state": "ec_9",
				"time_var": "#4",
				"transitions": [
					{
						"name": "tr_ec11_TurnOnLights",

						"timed_guard": "((#4 == cl) && (cl < TM))",

						"guard": "(($5 == roomNumber1) && (#4 <= 500))",

						"action": {
							"nature": "OBSERVATION",
							"port": "TurnOnLights",
							"parameters": [
								"$5"
							]
						},
						"next": "ec_11"
					},
					{
						"name": "tr_FAILout_TurnOnLights",

						"timed_guard": "((#4 == cl) && (cl < TM))",

						"guard": "(($5 != roomNumber1) || (#4 > 500))",

						"action": {
							"nature": "OBSERVATION",
							"port": "TurnOnLights",
							"parameters": [
								"$5"
							]
						},
						"verdict": "FAIL_OUTPUT"
					},
					{
						"name": "tr_FAILout_NoInvasionDetected",

						"timed_guard": "(cl < TM)",

						"guard": "true",

						"action": {
							"nature": "OBSERVATION",
							"port": "NoInvasionDetected"
						},
						"verdict": "FAIL_OUTPUT"
					},
					{
						"name": "tr_FAILout_ReactivateAlarmSystem",

						"timed_guard": "(cl < TM)",

						"guard": "true",

						"action": {
							"nature": "OBSERVATION",
							"port": "ReactivateAlarmSystem"
						},
						"verdict": "FAIL_OUTPUT"
					},
					{
						"name": "tr_FAILout_TriggerWindowBreakingAlarm",

						"timed_guard": "(cl < TM)",

						"guard": "true",

						"action": {
							"nature": "OBSERVATION",
							"port": "TriggerWindowBreakingAlarm",
							"parameters": [
								"$17"
							]
						},
						"verdict": "FAIL_OUTPUT"
					},
					{
						"name": "tr_FAILout_TriggerDoorOpeningAlarm",

						"timed_guard": "(cl < TM)",

						"guard": "true",

						"action": {
							"nature": "OBSERVATION",
							"port": "TriggerDoorOpeningAlarm",
							"parameters": [
								"$18"
							]
						},
						"verdict": "FAIL_OUTPUT"
					},
					{
						"name": "tr_FAILout_TriggerRoomMovementAlarm",

						"timed_guard": "(cl < TM)",

						"guard": "true",

						"action": {
							"nature": "OBSERVATION",
							"port": "TriggerRoomMovementAlarm",
							"parameters": [
								"$19"
							]
						},
						"verdict": "FAIL_OUTPUT"
					},
					{
						"name": "tr_FAILout_Error",

						"timed_guard": "(cl < TM)",

						"guard": "true",

						"action": {
							"nature": "OBSERVATION",
							"port": "Error"
						},
						"verdict": "FAIL_OUTPUT"
					},
					{
						"name": "tr_FAILout_CallPolice",

						"timed_guard": "(cl < TM)",

						"guard": "true",

						"action": {
							"nature": "OBSERVATION",
							"port": "CallPolice",
							"parameters": [
								"$20"
							]
						},
						"verdict": "FAIL_OUTPUT"
					},
					{
						"name": "tr_FAILout_TransferToBackupPower",

						"timed_guard": "(cl < TM)",

						"guard": "true",

						"action": {
							"nature": "OBSERVATION",
							"port": "TransferToBackupPower"
						},
						"verdict": "FAIL_OUTPUT"
					},
					{
						"name": "tr_INCdur_Quiescence",

						"timed_guard": "((#4 == cl) && (cl >= TM))",

						"guard": "exists< # : urational , $5 : uinteger >(($5 == roomNumber1) && (#4 < #) && (# <= 500))",

						"action": {
							"nature": "QUIESCENCE",
							"port": "Quiescence"
						},
						"verdict": "INCONCLUSIVE_DURATION"
					},
					{
						"name": "tr_FAILdur_Quiescence",

						"timed_guard": "((#4 == cl) && (cl >= TM))",

						"guard": "forall< # : urational , $5 : uinteger >(($5 != roomNumber1) || (#4 >= #) || (# > 500))",

						"action": {
							"nature": "QUIESCENCE",
							"port": "Quiescence"
						},
						"verdict": "FAIL_DURATION"
					}
				]
			},
			{
				"name": "ec_11",
				"sut_state": "ec_11",
				"time_var": "cl",
				"transitions": [
					{
						"name": "tr_ec13_Interrupt",

						"timed_guard": "(cl < TM)",

						"guard": "(exists< #8 : urational , #7 : urational >(((#7 + #8) <= 50) && (#7 <= 50)) && (intCode5 == 5))",

						"action": {
							"nature": "STIMULATION",
							"port": "Interrupt",
							"parameters": [
								"intCode5"
							]
						},
						"next": "ec_13"
					},
					{
						"name": "tr_FAILout_NoInvasionDetected",

						"timed_guard": "(cl < TM)",

						"guard": "true",

						"action": {
							"nature": "OBSERVATION",
							"port": "NoInvasionDetected"
						},
						"verdict": "FAIL_OUTPUT"
					},
					{
						"name": "tr_FAILout_ReactivateAlarmSystem",

						"timed_guard": "(cl < TM)",

						"guard": "true",

						"action": {
							"nature": "OBSERVATION",
							"port": "ReactivateAlarmSystem"
						},
						"verdict": "FAIL_OUTPUT"
					},
					{
						"name": "tr_FAILout_TriggerWindowBreakingAlarm",

						"timed_guard": "(cl < TM)",

						"guard": "true",

						"action": {
							"nature": "OBSERVATION",
							"port": "TriggerWindowBreakingAlarm",
							"parameters": [
								"$21"
							]
						},
						"verdict": "FAIL_OUTPUT"
					},
					{
						"name": "tr_FAILout_TriggerDoorOpeningAlarm",

						"timed_guard": "(cl < TM)",

						"guard": "true",

						"action": {
							"nature": "OBSERVATION",
							"port": "TriggerDoorOpeningAlarm",
							"parameters": [
								"$22"
							]
						},
						"verdict": "FAIL_OUTPUT"
					},
					{
						"name": "tr_FAILout_TriggerRoomMovementAlarm",

						"timed_guard": "(cl < TM)",

						"guard": "true",

						"action": {
							"nature": "OBSERVATION",
							"port": "TriggerRoomMovementAlarm",
							"parameters": [
								"$23"
							]
						},
						"verdict": "FAIL_OUTPUT"
					},
					{
						"name": "tr_FAILout_Error",

						"timed_guard": "(cl < TM)",

						"guard": "true",

						"action": {
							"nature": "OBSERVATION",
							"port": "Error"
						},
						"verdict": "FAIL_OUTPUT"
					},
					{
						"name": "tr_FAILout_CallPolice",

						"timed_guard": "(cl < TM)",

						"guard": "true",

						"action": {
							"nature": "OBSERVATION",
							"port": "CallPolice",
							"parameters": [
								"$24"
							]
						},
						"verdict": "FAIL_OUTPUT"
					},
					{
						"name": "tr_FAILout_TurnOnLights",

						"timed_guard": "(cl < TM)",

						"guard": "true",

						"action": {
							"nature": "OBSERVATION",
							"port": "TurnOnLights",
							"parameters": [
								"$25"
							]
						},
						"verdict": "FAIL_OUTPUT"
					},
					{
						"name": "tr_FAILout_TransferToBackupPower",

						"timed_guard": "(cl < TM)",

						"guard": "true",

						"action": {
							"nature": "OBSERVATION",
							"port": "TransferToBackupPower"
						},
						"verdict": "FAIL_OUTPUT"
					},
					{
						"name": "tr_INCdur_Quiescence",

						"timed_guard": "(cl >= TM)",

						"guard": "true",

						"action": {
							"nature": "QUIESCENCE",
							"port": "Quiescence"
						},
						"verdict": "INCONCLUSIVE_DURATION"
					}
				]
			},
			{
				"name": "ec_13",
				"sut_state": "ec_13",
				"time_var": "cl",
				"transitions": [
					{
						"name": "tr_ec14_PowerFailInterrupt",

						"timed_guard": "(cl < TM)",

						"guard": "true",

						"action": {
							"nature": "STIMULATION",
							"port": "PowerFailInterrupt"
						},
						"next": "ec_14"
					},
					{
						"name": "tr_FAILout_NoInvasionDetected",

						"timed_guard": "(cl < TM)",

						"guard": "true",

						"action": {
							"nature": "OBSERVATION",
							"port": "NoInvasionDetected"
						},
						"verdict": "FAIL_OUTPUT"
					},
					{
						"name": "tr_FAILout_ReactivateAlarmSystem",

						"timed_guard": "(cl < TM)",

						"guard": "true",

						"action": {
							"nature": "OBSERVATION",
							"port": "ReactivateAlarmSystem"
						},
						"verdict": "FAIL_OUTPUT"
					},
					{
						"name": "tr_FAILout_TriggerWindowBreakingAlarm",

						"timed_guard": "(cl < TM)",

						"guard": "true",

						"action": {
							"nature": "OBSERVATION",
							"port": "TriggerWindowBreakingAlarm",
							"parameters": [
								"$26"
							]
						},
						"verdict": "FAIL_OUTPUT"
					},
					{
						"name": "tr_FAILout_TriggerDoorOpeningAlarm",

						"timed_guard": "(cl < TM)",

						"guard": "true",

						"action": {
							"nature": "OBSERVATION",
							"port": "TriggerDoorOpeningAlarm",
							"parameters": [
								"$27"
							]
						},
						"verdict": "FAIL_OUTPUT"
					},
					{
						"name": "tr_FAILout_TriggerRoomMovementAlarm",

						"timed_guard": "(cl < TM)",

						"guard": "true",

						"action": {
							"nature": "OBSERVATION",
							"port": "TriggerRoomMovementAlarm",
							"parameters": [
								"$28"
							]
						},
						"verdict": "FAIL_OUTPUT"
					},
					{
						"name": "tr_FAILout_Error",

						"timed_guard": "(cl < TM)",

						"guard": "true",

						"action": {
							"nature": "OBSERVATION",
							"port": "Error"
						},
						"verdict": "FAIL_OUTPUT"
					},
					{
						"name": "tr_FAILout_CallPolice",

						"timed_guard": "(cl < TM)",

						"guard": "true",

						"action": {
							"nature": "OBSERVATION",
							"port": "CallPolice",
							"parameters": [
								"$29"
							]
						},
						"verdict": "FAIL_OUTPUT"
					},
					{
						"name": "tr_FAILout_TurnOnLights",

						"timed_guard": "(cl < TM)",

						"guard": "true",

						"action": {
							"nature": "OBSERVATION",
							"port": "TurnOnLights",
							"parameters": [
								"$30"
							]
						},
						"verdict": "FAIL_OUTPUT"
					},
					{
						"name": "tr_FAILout_TransferToBackupPower",

						"timed_guard": "(cl < TM)",

						"guard": "true",

						"action": {
							"nature": "OBSERVATION",
							"port": "TransferToBackupPower"
						},
						"verdict": "FAIL_OUTPUT"
					},
					{
						"name": "tr_INCdur_Quiescence",

						"timed_guard": "(cl >= TM)",

						"guard": "true",

						"action": {
							"nature": "QUIESCENCE",
							"port": "Quiescence"
						},
						"verdict": "INCONCLUSIVE_DURATION"
					}
				]
			},
			{
				"name": "ec_14",
				"sut_state": "ec_14",
				"time_var": "#7",
				"transitions": [
					{
						"name": "tr_ec15_TransferToBackupPower",

						"timed_guard": "((#7 == cl) && (cl < TM))",

						"guard": "(#7 <= 50)",

						"action": {
							"nature": "OBSERVATION",
							"port": "TransferToBackupPower"
						},
						"next": "ec_15"
					},
					{
						"name": "tr_FAILout_TransferToBackupPower",

						"timed_guard": "((#7 == cl) && (cl < TM))",

						"guard": "(#7 > 50)",

						"action": {
							"nature": "OBSERVATION",
							"port": "TransferToBackupPower"
						},
						"verdict": "FAIL_OUTPUT"
					},
					{
						"name": "tr_FAILout_NoInvasionDetected",

						"timed_guard": "(cl < TM)",

						"guard": "true",

						"action": {
							"nature": "OBSERVATION",
							"port": "NoInvasionDetected"
						},
						"verdict": "FAIL_OUTPUT"
					},
					{
						"name": "tr_FAILout_ReactivateAlarmSystem",

						"timed_guard": "(cl < TM)",

						"guard": "true",

						"action": {
							"nature": "OBSERVATION",
							"port": "ReactivateAlarmSystem"
						},
						"verdict": "FAIL_OUTPUT"
					},
					{
						"name": "tr_FAILout_TriggerWindowBreakingAlarm",

						"timed_guard": "(cl < TM)",

						"guard": "true",

						"action": {
							"nature": "OBSERVATION",
							"port": "TriggerWindowBreakingAlarm",
							"parameters": [
								"$31"
							]
						},
						"verdict": "FAIL_OUTPUT"
					},
					{
						"name": "tr_FAILout_TriggerDoorOpeningAlarm",

						"timed_guard": "(cl < TM)",

						"guard": "true",

						"action": {
							"nature": "OBSERVATION",
							"port": "TriggerDoorOpeningAlarm",
							"parameters": [
								"$32"
							]
						},
						"verdict": "FAIL_OUTPUT"
					},
					{
						"name": "tr_FAILout_TriggerRoomMovementAlarm",

						"timed_guard": "(cl < TM)",

						"guard": "true",

						"action": {
							"nature": "OBSERVATION",
							"port": "TriggerRoomMovementAlarm",
							"parameters": [
								"$33"
							]
						},
						"verdict": "FAIL_OUTPUT"
					},
					{
						"name": "tr_FAILout_Error",

						"timed_guard": "(cl < TM)",

						"guard": "true",

						"action": {
							"nature": "OBSERVATION",
							"port": "Error"
						},
						"verdict": "FAIL_OUTPUT"
					},
					{
						"name": "tr_FAILout_CallPolice",

						"timed_guard": "(cl < TM)",

						"guard": "true",

						"action": {
							"nature": "OBSERVATION",
							"port": "CallPolice",
							"parameters": [
								"$34"
							]
						},
						"verdict": "FAIL_OUTPUT"
					},
					{
						"name": "tr_FAILout_TurnOnLights",

						"timed_guard": "(cl < TM)",

						"guard": "true",

						"action": {
							"nature": "OBSERVATION",
							"port": "TurnOnLights",
							"parameters": [
								"$35"
							]
						},
						"verdict": "FAIL_OUTPUT"
					},
					{
						"name": "tr_INCdur_Quiescence",

						"timed_guard": "((#7 == cl) && (cl >= TM))",

						"guard": "exists< # : urational >((#7 < #) && (# <= 50))",

						"action": {
							"nature": "QUIESCENCE",
							"port": "Quiescence"
						},
						"verdict": "INCONCLUSIVE_DURATION"
					},
					{
						"name": "tr_FAILdur_Quiescence",

						"timed_guard": "((#7 == cl) && (cl >= TM))",

						"guard": "forall< # : urational >((#7 >= #) || (# > 50))",

						"action": {
							"nature": "QUIESCENCE",
							"port": "Quiescence"
						},
						"verdict": "FAIL_DURATION"
					}
				]
			},
			{
				"name": "ec_15",
				"sut_state": "ec_15",
				"time_var": "#8",
				"transitions": [
					{
						"name": "tr_PASS_ReactivateAlarmSystem",

						"timed_guard": "((#8 == cl) && (cl < TM))",

						"guard": "((#7 + #8) <= 50)",

						"action": {
							"nature": "OBSERVATION",
							"port": "ReactivateAlarmSystem"
						},
						"verdict": "PASS"
					},
					{
						"name": "tr_FAILout_ReactivateAlarmSystem",

						"timed_guard": "((#8 == cl) && (cl < TM))",

						"guard": "((#7 + #8) > 50)",

						"action": {
							"nature": "OBSERVATION",
							"port": "ReactivateAlarmSystem"
						},
						"verdict": "FAIL_OUTPUT"
					},
					{
						"name": "tr_FAILout_NoInvasionDetected",

						"timed_guard": "(cl < TM)",

						"guard": "true",

						"action": {
							"nature": "OBSERVATION",
							"port": "NoInvasionDetected"
						},
						"verdict": "FAIL_OUTPUT"
					},
					{
						"name": "tr_FAILout_TriggerWindowBreakingAlarm",

						"timed_guard": "(cl < TM)",

						"guard": "true",

						"action": {
							"nature": "OBSERVATION",
							"port": "TriggerWindowBreakingAlarm",
							"parameters": [
								"$36"
							]
						},
						"verdict": "FAIL_OUTPUT"
					},
					{
						"name": "tr_FAILout_TriggerDoorOpeningAlarm",

						"timed_guard": "(cl < TM)",

						"guard": "true",

						"action": {
							"nature": "OBSERVATION",
							"port": "TriggerDoorOpeningAlarm",
							"parameters": [
								"$37"
							]
						},
						"verdict": "FAIL_OUTPUT"
					},
					{
						"name": "tr_FAILout_TriggerRoomMovementAlarm",

						"timed_guard": "(cl < TM)",

						"guard": "true",

						"action": {
							"nature": "OBSERVATION",
							"port": "TriggerRoomMovementAlarm",
							"parameters": [
								"$38"
							]
						},
						"verdict": "FAIL_OUTPUT"
					},
					{
						"name": "tr_FAILout_Error",

						"timed_guard": "(cl < TM)",

						"guard": "true",

						"action": {
							"nature": "OBSERVATION",
							"port": "Error"
						},
						"verdict": "FAIL_OUTPUT"
					},
					{
						"name": "tr_FAILout_CallPolice",

						"timed_guard": "(cl < TM)",

						"guard": "true",

						"action": {
							"nature": "OBSERVATION",
							"port": "CallPolice",
							"parameters": [
								"$39"
							]
						},
						"verdict": "FAIL_OUTPUT"
					},
					{
						"name": "tr_FAILout_TurnOnLights",

						"timed_guard": "(cl < TM)",

						"guard": "true",

						"action": {
							"nature": "OBSERVATION",
							"port": "TurnOnLights",
							"parameters": [
								"$40"
							]
						},
						"verdict": "FAIL_OUTPUT"
					},
					{
						"name": "tr_FAILout_TransferToBackupPower",

						"timed_guard": "(cl < TM)",

						"guard": "true",

						"action": {
							"nature": "OBSERVATION",
							"port": "TransferToBackupPower"
						},
						"verdict": "FAIL_OUTPUT"
					},
					{
						"name": "tr_INCdur_Quiescence",

						"timed_guard": "((#8 == cl) && (cl >= TM))",

						"guard": "exists< # : urational >((#8 < #) && ((#7 + #) <= 50))",

						"action": {
							"nature": "QUIESCENCE",
							"port": "Quiescence"
						},
						"verdict": "INCONCLUSIVE_DURATION"
					},
					{
						"name": "tr_FAILdur_Quiescence",

						"timed_guard": "((#8 == cl) && (cl >= TM))",

						"guard": "forall< # : urational >((#8 >= #) || ((#7 + #) > 50))",

						"action": {
							"nature": "QUIESCENCE",
							"port": "Quiescence"
						},
						"verdict": "FAIL_DURATION"
					}
				]
			}
		]

	}
}
