{
	"manifest": {
		"version": 0.1,
		"description": "Generated testcase definition in JSON Format using SMT formulas, types, ...",
		"service": "Testcase Specification (ready for the Z3 SMT solver)",
		"generatedDate": "Mon Nov 17 18:12:01 2025"
	},

	"SUT": {
		"output_ports": [
			{
				"name": "Serve",
				"parameters": [
					{
						"name": "$0",
						"type": "Int"
					},
					{
						"name": "$1",
						"type": "Int"
					}
				]
			},
			{
				"name": "Return",
				"parameters": [
					{
						"name": "$0",
						"type": "Int"
					}
				]
			}
		],
		"input_ports": [
			{
				"name": "Money",
				"parameters": [
					{
						"name": "$0",
						"type": "Int"
					}
				]
			},
			{
				"name": "Choice",
				"parameters": [
					{
						"name": "$0",
						"type": "Int"
					},
					{
						"name": "$1",
						"type": "Real"
					}
				]
			}
		],
		"uncontrollable_input_ports": [
		]
	},

	"TESTCASE": {
		"variables": [
			{
				"name": "TM",
				"type": "Real"
			},
			{
				"name": "cl",
				"type": "Real"
			},
			{
				"name": "$2",
				"type": "Int"
			},
			{
				"name": "$3",
				"type": "Int"
			},
			{
				"name": "y2",
				"type": "Int"
			},
			{
				"name": "t2",
				"type": "Real"
			},
			{
				"name": "x1",
				"type": "Int"
			},
			{
				"name": "#3",
				"type": "Real"
			},
			{
				"name": "#2",
				"type": "Real"
			},
			{
				"name": "#1",
				"type": "Real"
			},
			{
				"name": "$delta#initial",
				"type": "Real"
			},
			{
				"name": "$4",
				"type": "Int"
			},
			{
				"name": "$5",
				"type": "Int"
			},
			{
				"name": "$6",
				"type": "Int"
			},
			{
				"name": "$7",
				"type": "Int"
			},
			{
				"name": "$8",
				"type": "Int"
			},
			{
				"name": "$9",
				"type": "Int"
			}
		],

		"states": [
			{
				"name": "ec_1",
				"sut_state": "ec_1",
				"time_var": "cl",
				"transitions": [
					{
						"name": "tr_ec2_Money",

						"timed_guard": "(declare-const cl Real)(assert (<= 0 cl))(declare-const TM Real)(assert (< 0 TM))(assert  (< cl TM))",

						"guard": "(declare-const $2 Int)(declare-const y2 Int)(declare-const $3 Int)(declare-const x1 Int)(declare-const #2 Real)(assert (<= 0 #2))(declare-const #3 Real)(assert (<= 0 #3))(declare-const t2 Real)(assert (<= 0 t2))(assert  (and (exists ( (#3 Real) ($2 Int) ($3 Int) (#2 Real) (y2 Int) (t2 Real) ) (and (<= 0 #3) (<= 0 #2) (<= 0 t2)  (and (= $2 y2) (= $3 (+ x1 -1)) (<= #2 1) (<= #3 t2) (<= t2 5) ) ) ) (< x1 43) (>= x1 1) ))",

						"action": {
							"nature": "STIMULATION",
							"port": "Money",
							"parameters": [
								"x1"
							]
						},
						"next": "ec_2"
					},
					{
						"name": "tr_FAILout_Serve",

						"timed_guard": "(declare-const cl Real)(assert (<= 0 cl))(declare-const TM Real)(assert (< 0 TM))(assert  (< cl TM))",

						"guard": "(assert  true)",

						"action": {
							"nature": "OBSERVATION",
							"port": "Serve",
							"parameters": [
								"$4",
								"$5"
							]
						},
						"verdict": "FAIL_OUTPUT"
					},
					{
						"name": "tr_FAILout_Return",

						"timed_guard": "(declare-const cl Real)(assert (<= 0 cl))(declare-const TM Real)(assert (< 0 TM))(assert  (< cl TM))",

						"guard": "(assert  true)",

						"action": {
							"nature": "OBSERVATION",
							"port": "Return",
							"parameters": [
								"$6"
							]
						},
						"verdict": "FAIL_OUTPUT"
					},
					{
						"name": "tr_INCdur_Quiescence",

						"timed_guard": "(declare-const cl Real)(assert (<= 0 cl))(declare-const TM Real)(assert (< 0 TM))(assert  (>= cl TM))",

						"guard": "(assert  true)",

						"action": {
							"nature": "QUIESCENCE",
							"port": "Quiescence"
						},
						"verdict": "INCONCLUSIVE_DURATION"
					}
				]
			},
			{
				"name": "ec_2",
				"sut_state": "ec_2",
				"time_var": "#2",
				"transitions": [
					{
						"name": "tr_ec3_Choice",

						"timed_guard": "(declare-const #2 Real)(assert (<= 0 #2))(declare-const cl Real)(assert (<= 0 cl))(declare-const TM Real)(assert (< 0 TM))(assert  (and (= #2 cl) (< cl TM) ))",

						"guard": "(declare-const $2 Int)(declare-const y2 Int)(declare-const $3 Int)(declare-const x1 Int)(declare-const #3 Real)(assert (<= 0 #3))(declare-const t2 Real)(assert (<= 0 t2))(declare-const #2 Real)(assert (<= 0 #2))(assert  (and (exists ( (#3 Real) ($2 Int) ($3 Int) ) (and (<= 0 #3)  (and (= $2 y2) (= $3 (+ x1 -1)) (<= #3 t2) ) ) ) (<= #2 1) (<= t2 5) ))",

						"action": {
							"nature": "STIMULATION",
							"port": "Choice",
							"parameters": [
								"y2",
								"t2"
							]
						},
						"next": "ec_3"
					},
					{
						"name": "tr_FAILout_Serve",

						"timed_guard": "(declare-const cl Real)(assert (<= 0 cl))(declare-const TM Real)(assert (< 0 TM))(assert  (< cl TM))",

						"guard": "(assert  true)",

						"action": {
							"nature": "OBSERVATION",
							"port": "Serve",
							"parameters": [
								"$7",
								"$8"
							]
						},
						"verdict": "FAIL_OUTPUT"
					},
					{
						"name": "tr_FAILout_Return",

						"timed_guard": "(declare-const cl Real)(assert (<= 0 cl))(declare-const TM Real)(assert (< 0 TM))(assert  (< cl TM))",

						"guard": "(assert  true)",

						"action": {
							"nature": "OBSERVATION",
							"port": "Return"
						},
						"verdict": "FAIL_OUTPUT"
					},
					{
						"name": "tr_INCdur_Quiescence",

						"timed_guard": "(declare-const cl Real)(assert (<= 0 cl))(declare-const TM Real)(assert (< 0 TM))(assert  (>= cl TM))",

						"guard": "(assert  true)",

						"action": {
							"nature": "QUIESCENCE",
							"port": "Quiescence"
						},
						"verdict": "INCONCLUSIVE_DURATION"
					}
				]
			},
			{
				"name": "ec_3",
				"sut_state": "ec_3",
				"time_var": "#3",
				"transitions": [
					{
						"name": "tr_PASS_Serve",

						"timed_guard": "(declare-const #3 Real)(assert (<= 0 #3))(declare-const cl Real)(assert (<= 0 cl))(declare-const TM Real)(assert (< 0 TM))(assert  (and (= #3 cl) (< cl TM) ))",

						"guard": "(declare-const $2 Int)(declare-const y2 Int)(declare-const $3 Int)(declare-const x1 Int)(declare-const #3 Real)(assert (<= 0 #3))(declare-const t2 Real)(assert (<= 0 t2))(assert  (and (= $2 y2) (= $3 (+ x1 -1)) (<= #3 t2) ))",

						"action": {
							"nature": "OBSERVATION",
							"port": "Serve",
							"parameters": [
								"$2",
								"$3"
							]
						},
						"verdict": "PASS"
					},
					{
						"name": "tr_FAILout_Serve",

						"timed_guard": "(declare-const #3 Real)(assert (<= 0 #3))(declare-const cl Real)(assert (<= 0 cl))(declare-const TM Real)(assert (< 0 TM))(assert  (and (= #3 cl) (< cl TM) ))",

						"guard": "(declare-const $2 Int)(declare-const y2 Int)(declare-const $3 Int)(declare-const x1 Int)(declare-const #3 Real)(assert (<= 0 #3))(declare-const t2 Real)(assert (<= 0 t2))(assert  (or (not (= $2 y2)) (not (= $3 (+ x1 -1))) (> #3 t2) ))",

						"action": {
							"nature": "OBSERVATION",
							"port": "Serve",
							"parameters": [
								"$2",
								"$3"
							]
						},
						"verdict": "FAIL_OUTPUT"
					},
					{
						"name": "tr_FAILout_Return",

						"timed_guard": "(declare-const cl Real)(assert (<= 0 cl))(declare-const TM Real)(assert (< 0 TM))(assert  (< cl TM))",

						"guard": "(assert  true)",

						"action": {
							"nature": "OBSERVATION",
							"port": "Return",
							"parameters": [
								"$9"
							]
						},
						"verdict": "FAIL_OUTPUT"
					},
					{
						"name": "tr_INCdur_Quiescence",

						"timed_guard": "(declare-const #3 Real)(assert (<= 0 #3))(declare-const cl Real)(assert (<= 0 cl))(declare-const TM Real)(assert (< 0 TM))(assert  (and (= #3 cl) (>= cl TM) ))",

						"guard": "(declare-const y2 Int)(declare-const x1 Int)(declare-const #3 Real)(assert (<= 0 #3))(declare-const t2 Real)(assert (<= 0 t2))(assert  (exists ( (# Real) ($2 Int) ($3 Int) ) (and (<= 0 #)  (and (= $2 y2) (= $3 (+ x1 -1)) (< #3 #) (<= # t2) ) ) ))",

						"action": {
							"nature": "QUIESCENCE",
							"port": "Quiescence"
						},
						"verdict": "INCONCLUSIVE_DURATION"
					},
					{
						"name": "tr_FAILdur_Quiescence",

						"timed_guard": "(declare-const #3 Real)(assert (<= 0 #3))(declare-const cl Real)(assert (<= 0 cl))(declare-const TM Real)(assert (< 0 TM))(assert  (and (= #3 cl) (>= cl TM) ))",

						"guard": "(declare-const y2 Int)(declare-const x1 Int)(declare-const #3 Real)(assert (<= 0 #3))(declare-const t2 Real)(assert (<= 0 t2))(assert  (forall ( (# Real) ($2 Int) ($3 Int) ) (=> (<= 0 #)  (or (not (= $2 y2)) (not (= $3 (+ x1 -1))) (>= #3 #) (> # t2) ) ) ))",

						"action": {
							"nature": "QUIESCENCE",
							"port": "Quiescence"
						},
						"verdict": "FAIL_DURATION"
					}
				]
			}
		]

	}
}
