{
	"manifest": {
		"version": 0.1,
		"description": "Generated testcase definition in JSON Format",
		"service": "Testcase Specification",
		"generatedDate": "Tue Nov 18 00:11:11 2025"
	},

	"SUT": {
		"output_ports": [
			{
				"name": "Serve",
				"parameters": [
					{
						"name": "$0",
						"type": "integer"
					},
					{
						"name": "$1",
						"type": "integer"
					}
				]
			},
			{
				"name": "Return",
				"parameters": [
					{
						"name": "$0",
						"type": "integer"
					}
				]
			}
		],
		"input_ports": [
			{
				"name": "Money",
				"parameters": [
					{
						"name": "$0",
						"type": "integer"
					}
				]
			},
			{
				"name": "Choice",
				"parameters": [
					{
						"name": "$0",
						"type": "integer"
					},
					{
						"name": "$1",
						"type": "urational"
					}
				]
			}
		],
		"uncontrollable_input_ports": [
		]
	},

	"TESTCASE": {
		"variables": [
			{
				"name": "TM",
				"type": "pos_rational"
			},
			{
				"name": "cl",
				"type": "clock< urational >"
			},
			{
				"name": "$2",
				"type": "integer"
			},
			{
				"name": "$3",
				"type": "integer"
			},
			{
				"name": "y2",
				"type": "integer"
			},
			{
				"name": "t2",
				"type": "urational"
			},
			{
				"name": "x1",
				"type": "integer"
			},
			{
				"name": "#3",
				"type": "time< urational >"
			},
			{
				"name": "#2",
				"type": "time< urational >"
			},
			{
				"name": "#1",
				"type": "time< urational >"
			},
			{
				"name": "$delta#initial",
				"type": "time< urational >"
			},
			{
				"name": "$4",
				"type": "integer"
			},
			{
				"name": "$5",
				"type": "integer"
			},
			{
				"name": "$6",
				"type": "integer"
			},
			{
				"name": "$7",
				"type": "integer"
			},
			{
				"name": "$8",
				"type": "integer"
			},
			{
				"name": "$9",
				"type": "integer"
			}
		],

		"states": [
			{
				"name": "ec_1",
				"sut_state": "ec_1",
				"time_var": "cl",
				"transitions": [
					{
						"name": "tr_ec2_Money",

						"timed_guard": "(cl < TM)",

						"guard": "(exists< #3 : urational , $2 : integer , $3 : integer , #2 : urational , y2 : integer , t2 : urational >(($2 == y2) && ($3 == (x1 + -1)) && (#2 <= 1) && (#3 <= t2) && (t2 <= 5)) && (x1 < 43) && (x1 >= 1))",

						"action": {
							"nature": "STIMULATION",
							"port": "Money",
							"parameters": [
								"x1"
							]
						},
						"next": "ec_2"
					},
					{
						"name": "tr_FAILout_Serve",

						"timed_guard": "(cl < TM)",

						"guard": "true",

						"action": {
							"nature": "OBSERVATION",
							"port": "Serve",
							"parameters": [
								"$4",
								"$5"
							]
						},
						"verdict": "FAIL_OUTPUT"
					},
					{
						"name": "tr_FAILout_Return",

						"timed_guard": "(cl < TM)",

						"guard": "true",

						"action": {
							"nature": "OBSERVATION",
							"port": "Return",
							"parameters": [
								"$6"
							]
						},
						"verdict": "FAIL_OUTPUT"
					},
					{
						"name": "tr_INCdur_Quiescence",

						"timed_guard": "(cl >= TM)",

						"guard": "true",

						"action": {
							"nature": "QUIESCENCE",
							"port": "Quiescence"
						},
						"verdict": "INCONCLUSIVE_DURATION"
					}
				]
			},
			{
				"name": "ec_2",
				"sut_state": "ec_2",
				"time_var": "#2",
				"transitions": [
					{
						"name": "tr_ec3_Choice",

						"timed_guard": "((#2 == cl) && (cl < TM))",

						"guard": "(exists< #3 : urational , $2 : integer , $3 : integer >(($2 == y2) && ($3 == (x1 + -1)) && (#3 <= t2)) && (#2 <= 1) && (t2 <= 5))",

						"action": {
							"nature": "STIMULATION",
							"port": "Choice",
							"parameters": [
								"y2",
								"t2"
							]
						},
						"next": "ec_3"
					},
					{
						"name": "tr_FAILout_Serve",

						"timed_guard": "(cl < TM)",

						"guard": "true",

						"action": {
							"nature": "OBSERVATION",
							"port": "Serve",
							"parameters": [
								"$7",
								"$8"
							]
						},
						"verdict": "FAIL_OUTPUT"
					},
					{
						"name": "tr_FAILout_Return",

						"timed_guard": "(cl < TM)",

						"guard": "true",

						"action": {
							"nature": "OBSERVATION",
							"port": "Return"
						},
						"verdict": "FAIL_OUTPUT"
					},
					{
						"name": "tr_INCdur_Quiescence",

						"timed_guard": "(cl >= TM)",

						"guard": "true",

						"action": {
							"nature": "QUIESCENCE",
							"port": "Quiescence"
						},
						"verdict": "INCONCLUSIVE_DURATION"
					}
				]
			},
			{
				"name": "ec_3",
				"sut_state": "ec_3",
				"time_var": "#3",
				"transitions": [
					{
						"name": "tr_PASS_Serve",

						"timed_guard": "((#3 == cl) && (cl < TM))",

						"guard": "(($2 == y2) && ($3 == (x1 + -1)) && (#3 <= t2))",

						"action": {
							"nature": "OBSERVATION",
							"port": "Serve",
							"parameters": [
								"$2",
								"$3"
							]
						},
						"verdict": "PASS"
					},
					{
						"name": "tr_FAILout_Serve",

						"timed_guard": "((#3 == cl) && (cl < TM))",

						"guard": "(($2 != y2) || ($3 != (x1 + -1)) || (#3 > t2))",

						"action": {
							"nature": "OBSERVATION",
							"port": "Serve",
							"parameters": [
								"$2",
								"$3"
							]
						},
						"verdict": "FAIL_OUTPUT"
					},
					{
						"name": "tr_FAILout_Return",

						"timed_guard": "(cl < TM)",

						"guard": "true",

						"action": {
							"nature": "OBSERVATION",
							"port": "Return",
							"parameters": [
								"$9"
							]
						},
						"verdict": "FAIL_OUTPUT"
					},
					{
						"name": "tr_INCdur_Quiescence",

						"timed_guard": "((#3 == cl) && (cl >= TM))",

						"guard": "exists< # : urational , $2 : integer , $3 : integer >(($2 == y2) && ($3 == (x1 + -1)) && (#3 < #) && (# <= t2))",

						"action": {
							"nature": "QUIESCENCE",
							"port": "Quiescence"
						},
						"verdict": "INCONCLUSIVE_DURATION"
					},
					{
						"name": "tr_FAILdur_Quiescence",

						"timed_guard": "((#3 == cl) && (cl >= TM))",

						"guard": "forall< # : urational , $2 : integer , $3 : integer >(($2 != y2) || ($3 != (x1 + -1)) || (#3 >= #) || (# > t2))",

						"action": {
							"nature": "QUIESCENCE",
							"port": "Quiescence"
						},
						"verdict": "FAIL_DURATION"
					}
				]
			}
		]

	}
}
