{
	"manifest": {
		"version": 0.1,
		"description": "Generated testcase definition in JSON Format",
		"service": "Testcase Specification",
		"generatedDate": "Tue Nov 18 10:49:36 2025"
	},

	"SUT": {
		"output_ports": [
			{
				"name": "Out",
				"parameters": [
					{
						"name": "$0",
						"type": "urational"
					}
				]
			},
			{
				"name": "Done"
			}
		],
		"input_ports": [
			{
				"name": "In",
				"parameters": [
					{
						"name": "$0",
						"type": "urational"
					}
				]
			}
		],
		"uncontrollable_input_ports": [
		]
	},

	"TESTCASE": {
		"variables": [
			{
				"name": "TM",
				"type": "pos_rational"
			},
			{
				"name": "cl",
				"type": "clock< urational >"
			},
			{
				"name": "$1",
				"type": "urational"
			},
			{
				"name": "x1",
				"type": "urational"
			},
			{
				"name": "#2",
				"type": "time< urational >"
			},
			{
				"name": "#1",
				"type": "time< urational >"
			},
			{
				"name": "$delta#initial",
				"type": "time< urational >"
			},
			{
				"name": "$2",
				"type": "urational"
			}
		],

		"states": [
			{
				"name": "ec_1",
				"sut_state": "ec_1",
				"time_var": "cl",
				"transitions": [
					{
						"name": "tr_ec2_In",

						"timed_guard": "(cl < TM)",

						"guard": "(exists< #2 : urational , $1 : urational >(((#2 + x1) == 42) && ($1 == 0)) && (0 <= (x1 + -1)) && (x1 <= 5) && (x1 <= 10))",

						"action": {
							"nature": "STIMULATION",
							"port": "In",
							"parameters": [
								"x1"
							]
						},
						"next": "ec_2"
					},
					{
						"name": "tr_FAILout_Out",

						"timed_guard": "(cl < TM)",

						"guard": "true",

						"action": {
							"nature": "OBSERVATION",
							"port": "Out",
							"parameters": [
								"$2"
							]
						},
						"verdict": "FAIL_OUTPUT"
					},
					{
						"name": "tr_FAILout_Done",

						"timed_guard": "(cl < TM)",

						"guard": "true",

						"action": {
							"nature": "OBSERVATION",
							"port": "Done"
						},
						"verdict": "FAIL_OUTPUT"
					},
					{
						"name": "tr_INCdur_Quiescence",

						"timed_guard": "(cl >= TM)",

						"guard": "true",

						"action": {
							"nature": "QUIESCENCE",
							"port": "Quiescence"
						},
						"verdict": "INCONCLUSIVE_DURATION"
					}
				]
			},
			{
				"name": "ec_2",
				"sut_state": "ec_2",
				"time_var": "#2",
				"transitions": [
					{
						"name": "tr_PASS_Out",

						"timed_guard": "((#2 == cl) && (cl < TM))",

						"guard": "(((#2 + x1) == 42) && ($1 == 0))",

						"action": {
							"nature": "OBSERVATION",
							"port": "Out",
							"parameters": [
								"$1"
							]
						},
						"verdict": "PASS"
					},
					{
						"name": "tr_FAILout_Out",

						"timed_guard": "((#2 == cl) && (cl < TM))",

						"guard": "(((#2 + x1) != 42) || ($1 != 0))",

						"action": {
							"nature": "OBSERVATION",
							"port": "Out",
							"parameters": [
								"$1"
							]
						},
						"verdict": "FAIL_OUTPUT"
					},
					{
						"name": "tr_FAILout_Done",

						"timed_guard": "(cl < TM)",

						"guard": "true",

						"action": {
							"nature": "OBSERVATION",
							"port": "Done"
						},
						"verdict": "FAIL_OUTPUT"
					},
					{
						"name": "tr_INCdur_Quiescence",

						"timed_guard": "((#2 == cl) && (cl >= TM))",

						"guard": "exists< # : urational , $1 : urational >(((# + x1) == 42) && ($1 == 0) && (#2 < #))",

						"action": {
							"nature": "QUIESCENCE",
							"port": "Quiescence"
						},
						"verdict": "INCONCLUSIVE_DURATION"
					},
					{
						"name": "tr_FAILdur_Quiescence",

						"timed_guard": "((#2 == cl) && (cl >= TM))",

						"guard": "forall< # : urational , $1 : urational >(((# + x1) != 42) || ($1 != 0) || (#2 >= #))",

						"action": {
							"nature": "QUIESCENCE",
							"port": "Quiescence"
						},
						"verdict": "FAIL_DURATION"
					}
				]
			}
		]

	}
}
