{
	"manifest": {
		"version": 0.1,
		"description": "Generated testcase definition in JSON Format",
		"service": "Testcase Specification",
		"generatedDate": "Fri Oct 31 01:28:52 2025"
	},

	"SUT": {
		"output_ports": [
			{
				"name": "Out",
				"parameters": [
					{
						"name": "$0",
						"type": "urational"
					}
				]
			},
			{
				"name": "Done"
			}
		],
		"input_ports": [
			{
				"name": "In",
				"parameters": [
					{
						"name": "$0",
						"type": "urational"
					}
				]
			}
		],
		"uncontrollable_input_ports": [
		]
	},

	"TESTCASE": {
		"variables": [
			{
				"name": "TM",
				"type": "pos_rational"
			},
			{
				"name": "cl",
				"type": "clock< urational >"
			},
			{
				"name": "x5",
				"type": "urational"
			},
			{
				"name": "$2",
				"type": "urational"
			},
			{
				"name": "x3",
				"type": "urational"
			},
			{
				"name": "$1",
				"type": "urational"
			},
			{
				"name": "x1",
				"type": "urational"
			},
			{
				"name": "#5",
				"type": "time< urational >"
			},
			{
				"name": "#4",
				"type": "time< urational >"
			},
			{
				"name": "#3",
				"type": "time< urational >"
			},
			{
				"name": "#2",
				"type": "time< urational >"
			},
			{
				"name": "#1",
				"type": "time< urational >"
			},
			{
				"name": "$delta#initial",
				"type": "time< urational >"
			},
			{
				"name": "$3",
				"type": "urational"
			},
			{
				"name": "$4",
				"type": "urational"
			},
			{
				"name": "$5",
				"type": "urational"
			}
		],

		"states": [
			{
				"name": "ec_1",
				"sut_state": "ec_1",
				"time_var": "cl",
				"transitions": [
					{
						"name": "tr_ec2_In",

						"timed_guard": "(cl < TM)",

						"guard": "(exists< #4 : urational , $2 : urational , x3 : urational , #2 : urational , $1 : urational >(((#2 + x1) == 42) && ((#4 + x3) == 42) && ($1 == 0) && ($2 == x3) && (0 <= (x3 + -1)) && (x3 <= 10) && (x3 > 5) && ((x1 + x3) >= 15)) && (0 <= (x1 + -1)) && (x1 <= 5) && (x1 <= 10))",

						"action": {
							"nature": "STIMULATION",
							"port": "In",
							"parameters": [
								"x1"
							]
						},
						"next": "ec_2"
					},
					{
						"name": "tr_FAILout_Out",

						"timed_guard": "(cl < TM)",

						"guard": "true",

						"action": {
							"nature": "OBSERVATION",
							"port": "Out",
							"parameters": [
								"$3"
							]
						},
						"verdict": "FAIL_OUTPUT"
					},
					{
						"name": "tr_FAILout_Done",

						"timed_guard": "(cl < TM)",

						"guard": "true",

						"action": {
							"nature": "OBSERVATION",
							"port": "Done"
						},
						"verdict": "FAIL_OUTPUT"
					},
					{
						"name": "tr_INCdur_Quiescence",

						"timed_guard": "(cl >= TM)",

						"guard": "true",

						"action": {
							"nature": "QUIESCENCE",
							"port": "Quiescence"
						},
						"verdict": "INCONCLUSIVE_DURATION"
					}
				]
			},
			{
				"name": "ec_2",
				"sut_state": "ec_2",
				"time_var": "#2",
				"transitions": [
					{
						"name": "tr_ec3_Out",

						"timed_guard": "((#2 == cl) && (cl < TM))",

						"guard": "(((#2 + x1) == 42) && ($1 == 0))",

						"action": {
							"nature": "OBSERVATION",
							"port": "Out",
							"parameters": [
								"$1"
							]
						},
						"next": "ec_3"
					},
					{
						"name": "tr_FAILout_Out",

						"timed_guard": "((#2 == cl) && (cl < TM))",

						"guard": "(((#2 + x1) != 42) || ($1 != 0))",

						"action": {
							"nature": "OBSERVATION",
							"port": "Out",
							"parameters": [
								"$1"
							]
						},
						"verdict": "FAIL_OUTPUT"
					},
					{
						"name": "tr_FAILout_Done",

						"timed_guard": "(cl < TM)",

						"guard": "true",

						"action": {
							"nature": "OBSERVATION",
							"port": "Done"
						},
						"verdict": "FAIL_OUTPUT"
					},
					{
						"name": "tr_INCdur_Quiescence",

						"timed_guard": "((#2 == cl) && (cl >= TM))",

						"guard": "exists< # : urational , $1 : urational >(((# + x1) == 42) && ($1 == 0) && (#2 < #))",

						"action": {
							"nature": "QUIESCENCE",
							"port": "Quiescence"
						},
						"verdict": "INCONCLUSIVE_DURATION"
					},
					{
						"name": "tr_FAILdur_Quiescence",

						"timed_guard": "((#2 == cl) && (cl >= TM))",

						"guard": "forall< # : urational , $1 : urational >(((# + x1) != 42) || ($1 != 0) || (#2 >= #))",

						"action": {
							"nature": "QUIESCENCE",
							"port": "Quiescence"
						},
						"verdict": "FAIL_DURATION"
					}
				]
			},
			{
				"name": "ec_3",
				"sut_state": "ec_3",
				"time_var": "cl",
				"transitions": [
					{
						"name": "tr_ec5_In",

						"timed_guard": "(cl < TM)",

						"guard": "(exists< #4 : urational , $2 : urational >(((#4 + x3) == 42) && ($2 == x3)) && (0 <= (x3 + -1)) && (x3 <= 10) && (x3 > 5) && ((x1 + x3) >= 15))",

						"action": {
							"nature": "STIMULATION",
							"port": "In",
							"parameters": [
								"x3"
							]
						},
						"next": "ec_5"
					},
					{
						"name": "tr_FAILout_Out",

						"timed_guard": "(cl < TM)",

						"guard": "true",

						"action": {
							"nature": "OBSERVATION",
							"port": "Out",
							"parameters": [
								"$4"
							]
						},
						"verdict": "FAIL_OUTPUT"
					},
					{
						"name": "tr_FAILout_Done",

						"timed_guard": "(cl < TM)",

						"guard": "true",

						"action": {
							"nature": "OBSERVATION",
							"port": "Done"
						},
						"verdict": "FAIL_OUTPUT"
					},
					{
						"name": "tr_INCdur_Quiescence",

						"timed_guard": "(cl >= TM)",

						"guard": "true",

						"action": {
							"nature": "QUIESCENCE",
							"port": "Quiescence"
						},
						"verdict": "INCONCLUSIVE_DURATION"
					}
				]
			},
			{
				"name": "ec_5",
				"sut_state": "ec_5",
				"time_var": "#4",
				"transitions": [
					{
						"name": "tr_ec7_Out",

						"timed_guard": "((#4 == cl) && (cl < TM))",

						"guard": "(((#4 + x3) == 42) && ($2 == x3))",

						"action": {
							"nature": "OBSERVATION",
							"port": "Out",
							"parameters": [
								"$2"
							]
						},
						"next": "ec_7"
					},
					{
						"name": "tr_FAILout_Out",

						"timed_guard": "((#4 == cl) && (cl < TM))",

						"guard": "(((#4 + x3) != 42) || ($2 != x3))",

						"action": {
							"nature": "OBSERVATION",
							"port": "Out",
							"parameters": [
								"$2"
							]
						},
						"verdict": "FAIL_OUTPUT"
					},
					{
						"name": "tr_FAILout_Done",

						"timed_guard": "(cl < TM)",

						"guard": "true",

						"action": {
							"nature": "OBSERVATION",
							"port": "Done"
						},
						"verdict": "FAIL_OUTPUT"
					},
					{
						"name": "tr_INCdur_Quiescence",

						"timed_guard": "((#4 == cl) && (cl >= TM))",

						"guard": "exists< # : urational , $2 : urational >(((# + x3) == 42) && ($2 == x3) && (#4 < #))",

						"action": {
							"nature": "QUIESCENCE",
							"port": "Quiescence"
						},
						"verdict": "INCONCLUSIVE_DURATION"
					},
					{
						"name": "tr_FAILdur_Quiescence",

						"timed_guard": "((#4 == cl) && (cl >= TM))",

						"guard": "forall< # : urational , $2 : urational >(((# + x3) != 42) || ($2 != x3) || (#4 >= #))",

						"action": {
							"nature": "QUIESCENCE",
							"port": "Quiescence"
						},
						"verdict": "FAIL_DURATION"
					}
				]
			},
			{
				"name": "ec_7",
				"sut_state": "ec_7",
				"time_var": "cl",
				"transitions": [
					{
						"name": "tr_PASS_Done",

						"timed_guard": "(cl < TM)",

						"guard": "true",

						"action": {
							"nature": "OBSERVATION",
							"port": "Done"
						},
						"verdict": "PASS"
					},
					{
						"name": "tr_FAILout_Out",

						"timed_guard": "(cl < TM)",

						"guard": "true",

						"action": {
							"nature": "OBSERVATION",
							"port": "Out",
							"parameters": [
								"$5"
							]
						},
						"verdict": "FAIL_OUTPUT"
					},
					{
						"name": "tr_INCdur_Quiescence",

						"timed_guard": "(cl >= TM)",

						"guard": "true",

						"action": {
							"nature": "QUIESCENCE",
							"port": "Quiescence"
						},
						"verdict": "INCONCLUSIVE_DURATION"
					}
				]
			}
		]

	}
}
